base_title,subtitle,title_tag_line,short_description,event_date,event_status,location,arena
UFC 232,Live on Pay-Per-View,TBA vs TBD,,2018-12-29T00:00:00Z,ANNOUNCED,"Las Vegas, Nevada",T-Mobile Arena
UFC Fight Night,Live on FOX,TBA vs TBD,,2018-12-15T00:00:00Z,ANNOUNCED,"Milwaukee, Wisconsin",Wisconsin Entertainment and Sports Center
UFC 231,Live on Pay-Per-View,TBA vs TBD,,2018-12-08T00:00:00Z,ANNOUNCED,"Toronto, Ontario",Scotiabank Arena
UFC Fight Night,Live on FS1,TBA vs TBD,,2018-12-01T00:00:00Z,ANNOUNCED,,Adelaide Entertainment Centre
The Ultimate Fighter Finale,Live on FS1,TBA vs TBD,,2018-11-30T00:00:00Z,ANNOUNCED,"Las Vegas, Nevada",The Pearl
UFC Fight Night,Live on UFC FIGHT PASS,TBA vs TBD,,2018-11-24T00:00:00Z,ANNOUNCED,,Cadillac Arena
UFC Fight Night,Live on FS1,TBA vs TBD,,2018-11-17T00:00:00Z,ANNOUNCED,,TBA
UFC Fight Night,Live on FS1,Edgar vs. Korean Zombie,,2018-11-10T00:00:00Z,FINALIZED,"Denver, CO",Pepsi Center
UFC 230,Live on Pay-Per-View,TBA vs TBD,,2018-11-03T00:00:00Z,FINALIZED,"New York, NY",Madison Square Garden
UFC Fight Night,Live on FS1,Volkan vs Smith,,2018-10-27T00:00:00Z,FINALIZED,"Moncton, New Brunswick",Moncton Events Centre
UFC 229,Live on Pay-Per-View,Khabib vs McGregor,,2018-10-06T00:00:00Z,FINALIZED,"Las Vegas, Nevada",T-Mobile Arena
UFC Fight Night,Live on FS1,Teixeira vs Manuwa,,2018-09-22T00:00:00Z,FINALIZED,,Ibirapuera Gymnasium
UFC Fight Night,Live on UFC FIGHT PASS,Hunt vs Oleinik,,2018-09-15T00:00:00Z,FINALIZED,,Olimpiysky
UFC 228,Live on Pay-Per-View,Woodley vs. Till,,2018-09-08T00:00:00Z,FINALIZED,"Dallas, Texas",American Airlines Center
UFC Fight Night,Live on FS1,Gaethje vs Vick,,2018-08-25T00:00:00Z,FINALIZED,"Lincoln, Nebraska",Pinnacle Bank Arena
Tuesday Night Contender Series,Las Vegas,Live on UFC FIGHT PASS,,2018-08-07T00:00:00Z,FINALIZED,,
UFC 227,Live on Pay-Per-View,Dillashaw vs Garbrandt 2,,2018-08-04T00:00:00Z,FINALIZED,"Los Angeles, California",Staples Center
Tuesday Night Contender Series,Las Vegas,Live on UFC FIGHT PASS,,2018-07-31T00:00:00Z,FINALIZED,,
UFC Fight Night,Live on FOX,Alvarez vs Poirier 2,,2018-07-28T00:00:00Z,FINALIZED,"Calgary, Alberta",Scotiabank Saddledome
Tuesday Night Contender Series,Las Vegas,Live on UFC FIGHT PASS,,2018-07-24T00:00:00Z,FINALIZED,,
UFC Fight Night,Live on FS1,Shogun vs Smith,,2018-07-22T00:00:00Z,FINALIZED,,Barclaycard Arena
Tuesday Night Contender Series,Las Vegas,Live on UFC FIGHT PASS,,2018-07-17T00:00:00Z,FINALIZED,,
UFC Fight Night,Live on FS1,Dos Santos vs Ivanov,,2018-07-14T00:00:00Z,FINALIZED,"Boise, Idaho",CenturyLink Arena
Tuesday Night Contender Series,Las Vegas,Live on UFC FIGHT PASS,,2018-07-10T00:00:00Z,FINALIZED,,
UFC 226,Live on Pay-Per-View,Miocic vs Cormier,,2018-07-07T00:00:00Z,FINALIZED,"Las Vegas, Nevada",T-Mobile Arena
The Ultimate Fighter Finale,Live on FS1,Tavares vs Adesanya,,2018-07-06T00:00:00Z,FINALIZED,"Las Vegas, NV",Pearl Theatre
Tuesday Night Contender Series,Las Vegas,Live on UFC FIGHT PASS,,2018-06-26T00:00:00Z,FINALIZED,,
UFC Fight Night,Live on UFC FIGHT PASS,Cowboy vs Edwards,,2018-06-23T00:00:00Z,FINALIZED,,Singapore Indoor Stadium
Tuesday Night Contender Series,Las Vegas,Live on UFC FIGHT PASS,,2018-06-19T00:00:00Z,FINALIZED,,
Tuesday Night Contender Series,Las Vegas,Live on UFC FIGHT PASS,,2018-06-12T00:00:00Z,POST_EVENT,,
UFC 225,Live on Pay-Per-View,Whittaker vs Romero 2,,2018-06-09T00:00:00Z,FINALIZED,"Chicago, IL",United Center
UFC Fight Night,Live on FS1,Rivera vs Moraes,,2018-06-01T00:00:00Z,FINALIZED,"Utica, New York",Adirondack Bank Center
UFC Fight Night,Live on FS1,Thompson vs Till,,2018-05-27T00:00:00Z,POST_EVENT,,Echo Arena
UFC Fight Night,Live on FS1,Maia vs Usman,,2018-05-19T00:00:00Z,FINALIZED,,Movistar Arena
UFC 224,Live on Pay-Per-View,Nunes vs Pennington,,2018-05-12T00:00:00Z,FINALIZED,,Jeunesse Arena
UFC Fight Night,Live on FS1,Barboza vs Lee,,2018-04-21T00:00:00Z,FINALIZED,"Atlantic City, N.J.",Atlantic City Boardwalk Hall
UFC Fight Night,Live on FOX,Poirier vs Gaethje,,2018-04-14T00:00:00Z,FINALIZED,"Glendale, Arizona",Gila River Arena
UFC 223,Live on Pay-Per-View,Khabib vs Iaquinta,,2018-04-07T00:00:00Z,FINALIZED,"Brooklyn, New York",Barclays Center
UFC Fight Night,Live on UFC FIGHT PASS,Werdum vs Volkov,,2018-03-17T00:00:00Z,FINALIZED,"London, England",O2 Arena
UFC 222,Live on Pay-Per-View,Cyborg vs Kunitskaya,,2018-03-03T00:00:00Z,FINALIZED,"Las Vegas, Nevada",T-Mobile Arena
UFC Fight Night,Live on FOX,Emmett vs Stephens,,2018-02-24T00:00:00Z,FINALIZED,"Orlando, FL",Amway Center
UFC Fight Night,Live on FS1,Cowboy vs Medeiros,,2018-02-18T00:00:00Z,FINALIZED,"Austin, TX",Frank Erwin Center
UFC 221,Live on Pay-Per-View,Romero vs Rockhold,,2018-02-10T00:00:00Z,FINALIZED,,Perth Arena
UFC Fight Night,Live on FS1,Machida vs. Anders,,2018-02-03T00:00:00Z,FINALIZED,,Mangueirinho Arena
UFC Fight Night,Live on FOX,Jacare vs Brunson 2,,2018-01-27T00:00:00Z,FINALIZED,"Charlotte, North Carolina",Spectrum Center
UFC 220,Live on Pay-Per-View,Miocic vs Ngannou,,2018-01-20T00:00:00Z,FINALIZED,"Boston, MA",TD Garden
UFC Fight Night,Live on FS1,Stephens vs Choi,,2018-01-14T00:00:00Z,FINALIZED,"St. Louis, Missouri",Scottrade Center
UFC 219,Live on Pay-Per-View,Cyborg vs Holm,,2017-12-30T00:00:00Z,FINALIZED,"Las Vegas, Nevada",T-Mobile Arena
UFC Fight Night,Live on FOX,Lawler vs Dos Anjos,,2017-12-16T00:00:00Z,POST_EVENT,,Bell MTS Place
UFC Fight Night,Live on FS1,Swanson vs Ortega,,2017-12-09T00:00:00Z,FINALIZED,"Fresno, California",Save Mart Center
UFC 218,Live on Pay-Per-View,Holloway vs Aldo 2,,2017-12-02T00:00:00Z,FINALIZED,"Detroit, Michigan",Little Caesars Arena
The Ultimate Fighter Finale,Live on FS1,Montano vs Modafferi,,2017-12-01T00:00:00Z,FINALIZED,"Las Vegas, Nevada",Park Theatre
UFC Fight Night,Live on UFC FIGHT PASS,Bisping vs Gastelum,,2017-11-25T00:00:00Z,POST_EVENT,,Mercedes-Benz Arena
UFC Fight Night,Live on FS1,Werdum vs Tybura,,2017-11-18T00:00:00Z,FINALIZED,,Qudos Bank Arena
UFC Fight Night,Live on FS1,Poirier vs Pettis,,2017-11-11T00:00:00Z,FINALIZED,"Norfolk, Virginia",Ted Constant Convocation Center
UFC 217,Live on Pay-Per-View,Bisping vs St-Pierre,,2017-11-04T00:00:00Z,FINALIZED,"New York, NY",Madison Square Garden
UFC Fight Night,Live on FS1,Brunson vs Machida,,2017-10-28T00:00:00Z,FINALIZED,,Ginásio do Ibirapuera
UFC Fight Night,Live on UFC FIGHT PASS,Cerrone vs Till,,2017-10-21T00:00:00Z,POST_EVENT,,Ergo Arena
UFC 216,Live on Pay-Per-View,Ferguson vs. Lee,,2017-10-07T00:00:00Z,FINALIZED,"Las Vegas, Nevada",T-Mobile Arena
UFC Fight Night,Live on FXX,Saint Preux vs Okami,,2017-09-22T00:00:00Z,FINALIZED,,Saitama Super Arena
UFC Fight Night,Live on FS1,Rockhold vs Branch,,2017-09-16T00:00:00Z,FINALIZED,"Pittsburgh, Pennsylvania",PPG Paints Arena
UFC 215,Live on Pay-Per-View,Nunes vs Shevchenko 2,,2017-09-09T00:00:00Z,FINALIZED,,Rogers Place
UFC Fight Night,Live on UFC FIGHT PASS,Volkov vs Struve,,2017-09-02T00:00:00Z,POST_EVENT,,Ahoy Rotterdam
Tuesday Night Contender Series,Las Vegas,Live on UFC FIGHT PASS,,2017-08-29T00:00:00Z,FINALIZED,,
LIVE ON PAY-PER-VIEW ,Pay-Per-View,Mayweather vs McGregor,,2017-08-26T00:00:00Z,ANNOUNCED,"Las Vegas, Nevada",T-Mobile Arena
Tuesday Night Contender Series,Las Vegas,Live on UFC FIGHT PASS,,2017-08-22T00:00:00Z,FINALIZED,,
Tuesday Night Contender Series,Las Vegas,Live on UFC FIGHT PASS,,2017-08-08T00:00:00Z,FINALIZED,,
UFC Fight Night,Live on FS1,Pettis vs Moreno,,2017-08-05T00:00:00Z,FINALIZED,,Mexico City Arena
Tuesday Night Contender Series,Las Vegas,Live on UFC FIGHT PASS,,2017-08-01T00:00:00Z,FINALIZED,,
UFC 214,Live on Pay-Per-View,Cormier vs Jones 2,,2017-07-29T00:00:00Z,FINALIZED,"Anaheim, CA",Honda Center
Tuesday Night Contender Series,Las Vegas,Live on UFC FIGHT PASS,,2017-07-25T00:00:00Z,FINALIZED,,
UFC Fight Night,Live on FOX,Weidman vs Gastelum,,2017-07-22T00:00:00Z,FINALIZED,"Long Island, New York","at NYCB LIVE, home of the Nassau Veterans Memorial Coliseum"
Tuesday Night Contender Series,Las Vegas,Live on UFC FIGHT PASS,,2017-07-18T00:00:00Z,FINALIZED,,
UFC Fight Night,Live on FS1,Nelson vs Ponzinibbio,,2017-07-16T00:00:00Z,FINALIZED,,The SSE Hydro
Tuesday Night Contender Series,Las Vegas,Live on UFC FIGHT PASS,,2017-07-11T00:00:00Z,FINALIZED,,
UFC 213,Live on Pay-Per-View,Romero vs Whittaker,,2017-07-08T00:00:00Z,FINALIZED,"Las Vegas, Nevada",T-Mobile Arena
The Ultimate Fighter Finale,Live on FS1,Johnson vs Gaethje,,2017-07-07T00:00:00Z,FINALIZED,"Las Vegas, Nevada",T-Mobile Arena
UFC Fight Night,Live on FS1,Chiesa vs Lee,,2017-06-25T00:00:00Z,FINALIZED,"Oklahoma City, OK",Chesapeake Energy Arena
UFC Fight Night,Live on UFC FIGHT PASS,Holm vs Correia,,2017-06-17T00:00:00Z,FINALIZED,,Singapore Indoor Stadium
UFC Fight Night,Live on FS1,Lewis vs Hunt,,2017-06-10T00:00:00Z,FINALIZED,,Spark Arena
UFC 212,Live on Pay-Per-View,Aldo vs Holloway,,2017-06-03T00:00:00Z,FINALIZED,,Jeunesse Arena
UFC Fight Night,Live on FS1,Gustafsson vs Teixeira,,2017-05-28T00:00:00Z,FINALIZED,,Ericsson Globe
UFC 211,Live on Pay-Per-View,Miocic vs Dos Santos 2,,2017-05-13T00:00:00Z,FINALIZED,"Dallas, Texas",American Airlines Center
UFC Fight Night,Live on FS1,Swanson vs. Lobov,,2017-04-22T00:00:00Z,FINALIZED,"Nashville, TN",Bridgestone Arena
UFC Fight Night,Live on FOX,Johnson vs Reis,,2017-04-15T00:00:00Z,FINALIZED,"Kansas City, Missouri",Sprint Center
UFC 210,Live on Pay-Per-View,Cormier vs Johnson 2,,2017-04-08T00:00:00Z,FINALIZED,"Buffalo, New York",KeyBank Center
UFC Fight Night,Live on UFC FIGHT PASS,Manuwa vs Anderson,,2017-03-18T00:00:00Z,FINALIZED,"London, England",O2 Arena
UFC Fight Night,Live on FS1,Belfort vs Gastelum,,2017-03-11T00:00:00Z,FINALIZED,,Centro de Formação Olímpica de Fortaleza
UFC 209,Live on Pay-Per-View,Woodley vs Thompson 2,,2017-03-04T00:00:00Z,FINALIZED,"Las Vegas, Nevada",T-Mobile Arena
UFC Fight Night,Live on FS1,Lewis vs Browne,,2017-02-19T00:00:00Z,FINALIZED,,Scotiabank Centre
UFC 208,Live on Pay-Per-View,Holm vs de Randamie,,2017-02-11T00:00:00Z,FINALIZED,"Brooklyn, New York",Barclays Center
UFC Fight Night,Live on FS1,Bermudez vs Korean Zombie,,2017-02-04T00:00:00Z,FINALIZED,"Houston, Texas",Toyota Center
UFC Fight Night,Live on FOX,Shevchenko vs Pena,,2017-01-28T00:00:00Z,FINALIZED,"Denver, CO",Pepsi Center
UFC Fight Night,Live on FS1,Rodriguez vs Penn,,2017-01-15T00:00:00Z,FINALIZED,"Phoenix, Arizona",Talking Stick Resort Arena
UFC 207,Live on Pay-Per-View,Nunes vs Rousey,,2016-12-30T00:00:00Z,FINALIZED,"Las Vegas, Nevada",T-Mobile Arena
UFC Fight Night,Live on FOX,VanZant vs Waterson,,2016-12-17T00:00:00Z,FINALIZED,"Sacramento, California",Golden 1 Center
UFC 206,Live on Pay-Per-View,Holloway vs Pettis,,2016-12-10T00:00:00Z,FINALIZED,"Toronto, Ontario",Scotiabank Arena
UFC Fight Night,Live on UFC FIGHT PASS,Lewis vs Abdurakhimov,,2016-12-09T00:00:00Z,FINALIZED,"Albany, New York",Times Union Center
The Ultimate Fighter,Live on FS1,A Tournament of Champions Finale,,2016-12-03T00:00:00Z,FINALIZED,"Las Vegas, Nevada",The Palms
UFC Fight Night,Live on FS1,Whittaker vs Brunson,,2016-11-26T00:00:00Z,FINALIZED,,Rod Laver Arena
UFC Fight Night,Live on FS1,Bader vs Nogueira 2,,2016-11-19T00:00:00Z,POST_EVENT,,Ibirapuera Gymnasium
UFC Fight Night,Live on UFC FIGHT PASS,Mousasi vs Hall 2,,2016-11-19T00:00:00Z,POST_EVENT,"Belfast, Northern Ireland",SSE Arena
UFC 205,Live on Pay-Per-View,Alvarez vs McGregor,,2016-11-12T00:00:00Z,FINALIZED,"New York, NY",Madison Square Garden
UFC Fight Night,Live on FS1,Dos Anjos vs Ferguson,,2016-11-05T00:00:00Z,FINALIZED,,Mexico City Arena
UFC 204,Live on Pay-Per-View,Bisping vs Henderson,Michael Bisping defends his middleweight bout in his home country against challenger Dan Henderson.,2016-10-08T00:00:00Z,FINALIZED,,Manchester Arena
UFC Fight Night,Live on FS1,Lineker vs Dodson,,2016-10-01T00:00:00Z,FINALIZED,"Portland, Oregon",Moda Center
UFC Fight Night,Live on FS1,Cyborg vs Lansberg,,2016-09-24T00:00:00Z,FINALIZED,,Nilson Nelson Gymnasium
UFC Fight Night,Live on FS1,Poirier vs Johnson,,2016-09-17T00:00:00Z,FINALIZED,"Hidalgo, Texas",State Farm Arena
UFC 203,Live on Pay-Per-View,Miocic vs. Overeem,Stipe Miocic defends his heavyweight belt for the first against Alistair Overeem as the UFC travels to Cleveland for the first time.,2016-09-10T00:00:00Z,FINALIZED,"Cleveland, Ohio",Quicken Loans Arena
UFC Fight Night,Live on UFC FIGHT PASS,Arlovski vs Barnett,,2016-09-03T00:00:00Z,FINALIZED,,Barclaycard Arena
UFC Fight Night,Live on FOX,Maia vs Condit,,2016-08-27T00:00:00Z,FINALIZED,"Vancouver, BC",Rogers Arena
UFC 202,Live on Pay-Per-View,Diaz vs McGregor 2,,2016-08-20T00:00:00Z,FINALIZED,"Las Vegas, Nevada",T-Mobile Arena
UFC Fight Night,Live on FS1,Rodriguez vs Caceres,,2016-08-06T00:00:00Z,FINALIZED,"Salt Lake City, Utah",Vivint Smart Home Arena
UFC 201,Live on Pay-Per-View,Lawler vs. Woodley,,2016-07-30T00:00:00Z,FINALIZED,"Atlanta, GA",Philips Arena
UFC Fight Night,Live on FOX,Holm vs Shevchenko,,2016-07-23T00:00:00Z,FINALIZED,"Chicago, IL",United Center
UFC Fight Night,Live on FS1,McDonald vs Lineker,,2016-07-13T00:00:00Z,FINALIZED,"Sioux Falls, South Dakota",Denny Sanford Premier Center
UFC 200,Live on Pay-Per-View,Tate vs Nunes,,2016-07-09T00:00:00Z,POST_EVENT,"Las Vegas, Nevada",T-Mobile Arena
The Ultimate Fighter Finale,FS1,Team Joanna vs. Team Claudia,UFC women's strawweight champion Joanna Jedrzejczyk puts her belt on the line against Claudia Gadelha in the TUF 23 Finale.,2016-07-08T00:00:00Z,FINALIZED,"Las Vegas, Nevada",MGM Grand Garden Arena
UFC Fight Night,Live on UFC FIGHT PASS,Dos Anjos vs. Alvarez,The lightweight belt is on the line as Rafael dos Anjos faces Eddie Alvarez at UFC Fight Night in Las Vegas.,2016-07-07T00:00:00Z,FINALIZED,"Las Vegas, Nevada",MGM Grand Garden Arena
UFC Fight Night,Live on FS1,MacDonald vs. Thompson,"UFC welterweights Rory MacDonald and Stephen Thompson square off when the UFC travels to Ottawa, Canada.",2016-06-18T00:00:00Z,FINALIZED,"Ottawa, Ontario",TD Place Arena
UFC 199,Live on Pay-Per-View,Rockhold vs. Bisping 2,UFC middleweight champion Luke Rockhold attempts to defend his belt for the first time in a rematch against Michael Bisping.,2016-06-04T00:00:00Z,FINALIZED,"Los Angeles, California",The Forum
UFC Fight Night,FS1,Almeida vs. Garbrandt,The UFC hosts a Las Vegas event headlining bantamweight contenders Thomas Almeida and Cody Garbrandt.,2016-05-29T00:00:00Z,FINALIZED,"Las Vegas, NV",Mandalay Bay Events Center
UFC 198,Live on Pay-Per-View,Werdum vs. Miocic,UFC heavyweight champion Fabricio Werdum defends his belt against Stipe Miocic.,2016-05-14T00:00:00Z,FINALIZED,,Arena Atlético Paranaense
UFC Fight Night,FS1,Overeem vs. Arlovski,"The UFC travels to Rotterdam, Netherlands for the first time where Alistair Overeem will fight in front of his home crowd against Andrei Arlovski.",2016-05-08T00:00:00Z,FINALIZED,,Ahoy Rotterdam
UFC 197,Live on Pay-Per-View,Jones vs. Saint Preux,Former light heavyweight champion Jon Jones takes on Ovince Saint Preux for the interim belt in the main event of UFC 197.,2016-04-23T00:00:00Z,FINALIZED,"Las Vegas, Nevada",MGM Grand Garden Arena
UFC Fight Night,Live on FOX,Teixeira vs. Evans,"Light heavyweight contenders Glover Teixeira and Rashad Evans headline the main event at UFC Fight Night in Tampa, Florida.",2016-04-16T00:00:00Z,FINALIZED,"Tampa, Florida",Amalie Arena
UFC Fight Night,FS1,Rothwell vs. Dos Santos,"The UFC travels to Zagreb, Croatia for the first time",2016-04-10T00:00:00Z,FINALIZED,,Zagreb Arena
UFC Fight Night,Live on FS1,Hunt vs. Mir,"The UFC returns to Brisbane, Australia for the second time.",2016-03-19T00:00:00Z,FINALIZED,"Brisbane, Qld",Brisbane Entertainment Centre
UFC 196,Live on Pay-Per-View,McGregor vs. Diaz,UFC featherweight champion Conor McGregor moves up to 170 pounds to face Nate Diaz.,2016-03-05T00:00:00Z,FINALIZED,"Las Vegas, Nevada",MGM Grand Garden Arena
UFC Fight Night,Live on UFC FIGHT PASS,Silva vs. Bisping,,2016-02-27T00:00:00Z,POST_EVENT,"London, England",O2 Arena
UFC Fight Night,Live on FS1,Cowboy vs. Cowboy,"The UFC returns to Pittsburgh, Pennsylvania and the Consol Energy Center for Fight Night: Cowboy vs. Cowboy.",2016-02-21T00:00:00Z,FINALIZED,"Pittsburgh, PA",CONSOL Energy Center
UFC Fight Night,Live on FS1,Hendricks vs. Thompson,UFC welterweights Johny Hendricks and Stephen Thompson clash at UFC Fight Night.,2016-02-06T00:00:00Z,FINALIZED,"Las Vegas, Nevada",MGM Grand Garden Arena
UFC Fight Night,Live on FOX,Johnson vs. Bader,,2016-01-30T00:00:00Z,FINALIZED,"Newark, New Jersey",Prudential Center
UFC Fight Night,FS1,Dillashaw vs. Cruz,UFC bantamweight champion TJ Dillashaw defends his title against Dominick Cruz.,2016-01-17T00:00:00Z,FINALIZED,"Boston, MA",TD Garden
UFC 195,Live on Pay-Per-View,Lawler vs Condit,UFC welterweight champion Robbie Lawler defends her title against contender Carlos Condit,2016-01-02T00:00:00Z,FINALIZED,"Las Vegas, Nevada",MGM Grand Garden Arena
UFC Fight Night,Live on FOX,dos Anjos vs Cowboy 2,,2015-12-19T00:00:00Z,FINALIZED,"Orlando, FL",Amway Center
UFC 194,Live on Pay-Per-View,Aldo vs McGregor,,2015-12-12T00:00:00Z,POST_EVENT,"Las Vegas, Nevada",MGM Grand Garden Arena
The Ultimate Fighter Finale,FOX Sports 1,Team McGregor vs Team Faber,,2015-12-11T00:00:00Z,FINALIZED,"Las Vegas, NV",The Chelsea at The Cosmopolitan 
UFC Fight Night,UFC FIGHT PASS,Namajunas vs VanZant,"Event information, results, video, and fighter information for UFC Fight Night Japan.",2015-12-10T00:00:00Z,FINALIZED,"Las Vegas, NV",The Chelsea at The Cosmopolitan 
UFC Fight Night,UFC FIGHT PASS,Henderson vs Masvidal,TBA...,2015-11-28T00:00:00Z,POST_EVENT,,Olympic Park Gymnastics Arena
UFC Fight Night,FOX Sports 1,Magny vs Gastelum,,2015-11-21T00:00:00Z,FINALIZED,,Arena Monterrey
UFC 193,Live on Pay-Per-View,Rousey vs Holm,Champ Robbie Lawler defends his welterweight title for the second time when he faces Carlos Condit.,2015-11-14T00:00:00Z,FINALIZED,,Etihad Stadium
UFC Fight Night,FS1,Belfort vs Henderson,,2015-11-07T00:00:00Z,FINALIZED,,Ibirapuera Gymnasium
UFC Fight Night,UFC FIGHT PASS,Holohan vs. Smolka,,2015-10-24T00:00:00Z,POST_EVENT,,3Arena
UFC 192,Live on Pay-Per-View,Cormier vs. Gustafsson,,2015-10-03T00:00:00Z,POST_EVENT,"Houston, Texas",Toyota Center
UFC Fight Night,FOX Sports 1,Barnett vs. Nelson,"Hard-hitting heavyweights Roy ""Big Country"" Nelson and Josh ""The Warmaster"" Barnett will battle it out in the main event at UFC Fight Night Japan.",2015-09-26T00:00:00Z,POST_EVENT,,Saitama Super Arena
UFC 191,Live on Pay-Per-View,Johnson vs. Dodson 2,Champ Demetrious Mighty Mouse' Johnson defends his flyweight championship against Jon Dodson.,2015-09-05T00:00:00Z,POST_EVENT,"Las Vegas, Nevada",MGM Grand Garden Arena
UFC Fight Night,FOX Sports 1,Holloway vs. Oliveira,"Top featherweight contenders Max ""Blessed"" Holloway and Charles ""Do Bronx"" Oliveira sqaure off inside the Octagon at UFC Fight Night in Saskatoon.",2015-08-23T00:00:00Z,POST_EVENT,,SaskTel Centre
UFC Fight Night,FOX Sports 1,Teixeira vs. Saint Preux,"Light heavyweight contenders Glover Teixeira and Ovince Saint Preux will clash in the main event at UFC Fight Night in Nashville, Tennessee.",2015-08-08T00:00:00Z,POST_EVENT,"Nashville, TN",Bridgestone Arena
UFC 190,Live on Pay-Per-View,Rousey vs. Correia,"Undefeated women's bantamweight champ Ronda Rousey takes on Bethe Correia in the main event in Rio de Janeiro, Brazil.",2015-08-01T00:00:00Z,POST_EVENT,,HSBC Arena
UFC Fight Night,Live on FOX,Dillashaw vs. Barao 2,"The highly anticipated rematch between bantamweight champ TJ Dillashaw and Renan Barao will take place at the United Center in Chicago, Illinois.",2015-07-25T00:00:00Z,POST_EVENT,"Chicago, IL",United Center
UFC Fight Night,FOX Sports 1,Bisping vs. Leites,"The UFC heads to Glasgow, Scotland where middleweight contenders Michael Bisping and Thales Leites square off inside the Octagon.",2015-07-18T00:00:00Z,POST_EVENT,,The SSE Hydro
UFC Fight Night,FOX Sports 1,Mir vs. Duffee,"Heavyweight hitters Frank Mir and Todd Duffee headline in the main event at UFC Fight Night in San Diego, California.",2015-07-15T00:00:00Z,POST_EVENT,"San Diego, CA",Valley View Casino Center
The Ultimate Fighter Finale,FOX Sports 1,American Top Team vs. Blackzilians,"Welterweights Jake Ellenberger and Stephen Thompson will be headlining The Ultimate Fighter Finale in Las Vegas, Nevada.",2015-07-12T00:00:00Z,POST_EVENT,"Las Vegas, Nevada",MGM Grand Garden Arena
UFC 189,Live on Pay-Per-View,Mendes vs. McGregor,Chad Mendes battles Conor McGregor for the interim featherweight title and welterweight champion Robbie Lawler defends his belt against Rory MacDonald,2015-07-11T00:00:00Z,POST_EVENT,"Las Vegas, Nevada",MGM Grand Garden Arena
UFC Fight Night,FOX Sports 1,Machida vs. Romero,"Middleweight contenders Lyoto ""The Dragon"" Machida and Yoel ""Soldier of God"" Romero clash in the main event at UFC Fight Night in Hollywood, Florida.",2015-06-27T00:00:00Z,POST_EVENT,"Hollywood, FL",Seminole Hard Rock Hotel & Casino
UFC Fight Night,UFC FIGHT PASS,Jedrzejczyk vs. Penne,Women's strawweight champion Joanna Jedrzejczyk and Jessica Penne headline inside the Octagon at UFC Fight Night Berlin.,2015-06-20T00:00:00Z,POST_EVENT,"Berlin, Germany",The O2 World Berlin
UFC 188,Live on Pay-Per-View,Velasquez vs. Werdum,"After a long lay-off, heavyweight champ Cain Velasquez looks to defend his title against interim champ Fabricio Werdum in Mexico City, Mexico.",2015-06-13T00:00:00Z,POST_EVENT,,Mexico City Arena
UFC Fight Night,FOX Sports 1,Boetsch vs. Henderson,The UFC heads to Louisiana for a middleweight showdown featuring top challengers Tim Boetsch and Dan Henderson.,2015-06-06T00:00:00Z,POST_EVENT,"New Orleans, Louisiana",Smoothie King Center
UFC Fight Night,FOX Sports 1,Condit vs. Alves,"Welterweight contenders Carlos Condit and Thiago Alves clash in the main event at UFC Fight Night in Gioania, Brazil.",2015-05-30T00:00:00Z,POST_EVENT,,Goiania Arena
UFC 187,Live on Pay-Per-View,Johnson vs. Cormier,"A showdown between Anthony Johnson and Daniel Cormier for Light Heavyweight Championship will take place at the MGM Grand in Las Vegas, Nevada.",2015-05-23T00:00:00Z,POST_EVENT,"Las Vegas, Nevada",MGM Grand Garden Arena
UFC Fight Night,FOX Sports 1,Edgar vs. Faber,"The UFC goes to Manila, Philippines for the first time ever with a main event headlined by two UFC pioneers in Frankie Edgar and Urijah Faber.",2015-05-16T00:00:00Z,POST_EVENT,,Mall of Asia Arena
UFC Fight Night,UFC FIGHT PASS,Miocic vs. Hunt,"The UFC heads to Adelaide, Australia for a heavyweight showdown between top contenders Stipe Miocic and Mark Hunt.",2015-05-09T00:00:00Z,POST_EVENT,,Adelaide Entertainment Centre
UFC 186,Live on Pay-Per-View,Johnson vs. Horiguchi,The UFC heads to Canada with flyweight champion Demetrious Johnson taking on top contender Kyoji Horiguchi in Montreal.,2015-04-25T00:00:00Z,POST_EVENT,"Montreal, Québec",Bell Centre
UFC Fight Night,Live on FOX,Machida vs. Rockhold,"Hoping to get one step closer to a title shot, Lyoto ""The Dragon"" Machida and Luke Rockhold will headline in the main event at Fight Night Newark. ",2015-04-18T00:00:00Z,POST_EVENT,"Newark, New Jersey",Prudential Center
UFC Fight Night,UFC FIGHT PASS,Gonzaga vs. Cro Cop 2,A highly anticipated rematch between dangerous heavyweights Gabriel Gonzaga and Mirko Cro Cop headline the first ever UFC Fight Night event in Poland.,2015-04-11T00:00:00Z,POST_EVENT,,Tauron Arena
UFC Fight Night,FOX Sports 1,Mendes vs. Lamas,"Top featherweight contenders Chad ""Money"" Mendes and Ricardo Lamas battle it out in the main event at UFC Fight Night in Fairfax, Virginia.",2015-04-04T00:00:00Z,POST_EVENT,"Fairfax, Virginia",Patriot Center
UFC Fight Night,FOX Sports 1,Maia vs. LaFlare,"Welterweight contenders Demian Maia and Ryan LaFlare clash in the main event at UFC Fight Night in Rio de Janeiro, Brazil.",2015-03-21T00:00:00Z,POST_EVENT,,Ginasio do Maracanazinho
UFC 185,Live on Pay-Per-View,Pettis vs. Dos Anjos,"Top lightweight contender Rafael dos Anjos challenges the champ Anthony ""Showtime"" Pettis for the belt in Dallas, Texas.",2015-03-14T00:00:00Z,POST_EVENT,"Dallas, Texas",American Airlines Center
UFC 184,Live on Pay-Per-View,Rousey vs. Zingano,"Live from the Staples Center in Los Angeles, California, UFC 184 is headlined by a women's bantamweight fight between Ronda Rousey and Cat Zingano.",2015-02-28T00:00:00Z,POST_EVENT,"Los Angeles, California",Staples Center
UFC Fight Night,FOX Sports 1,Bigfoot vs. Mir,"Top heavyweight contenders Antonio ""Bigfoot"" Silva and Frank Mir go at it inside the Octagon for a five round main event at Fight Night Porto Alegre.",2015-02-22T00:00:00Z,POST_EVENT,,Ginasio do Gigantinho
UFC Fight Night,FOX Sports 1,Henderson vs. Thatch,Benson Henderson steps up to replace Stephen Thompson in the main event against welterweight Brandon Thatch at UFC Fight Night in Broomfield.,2015-02-14T00:00:00Z,POST_EVENT,"Broomfield, CO",1STBANK Center
UFC 183,Live on Pay-Per-View,Silva vs. Diaz,"Live from the fight capital of the world, Anderson Silva takes on Nick Diaz in the main event of a highly anticipated middleweight fight.",2015-01-31T00:00:00Z,POST_EVENT,"Las Vegas, Nevada",MGM Grand Garden Arena
UFC Fight Night,Live on FOX,Gustafsson vs. Johnson,Light heavyweight contenders Alexander Gustafsson and Anthony Johnson square off in the main event at UFC Fight Night Stockholm.,2015-01-24T00:00:00Z,POST_EVENT,,Tele2 Arena
UFC Fight Night,FOX Sports 1,McGregor vs. Siver,The UFC goes back to Boston as top featherweight contenders Conor McGregor and Dennis Siver headline the UFC Fight Night event.,2015-01-18T00:00:00Z,POST_EVENT,"Boston, MA",TD Garden
UFC 182,Live on Pay-Per-View,Jones vs. Cormier,"Live from the MGM Grand in Las Vegas, UFC 182 is highlighted by the light heavyweight title match between champ Jon Jones and Daniel Cormier.",2015-01-03T00:00:00Z,POST_EVENT,"Las Vegas, Nevada",MGM Grand Garden Arena
UFC Fight Night,FOX Sports 1,Machida vs. Dollaway,Middleweight contenders Lyoto Machida and CB Dollaway clash in the main event at UFC Fight Night: Machida vs. Dollaway.,2014-12-20T00:00:00Z,POST_EVENT,,Ginasio Jose Correa
UFC Fight Night,Live on FOX,Dos Santos vs. Miocic,Top heavyweights Junior Dos Santos and Stipe Miocic clash in the main event at UFC Fight Night Phoenix.,2014-12-13T00:00:00Z,POST_EVENT,"Phoenix, AZ",US Airways Center
The Ultimate Fighter Finale,FOX Sports 1,,"For the first time ever, the UFC will host a women's strawweight title fight headlined by top contenders Carla Esparza and Rose Namajunas.",2014-12-12T00:00:00Z,POST_EVENT,"Las Vegas, NV",Pearl Theatre
UFC 181,Live on Pay-Per-View,Hendricks vs. Lawler II,"A highly anticipated welterweight title rematch between Johny Hendricks and Robbie Lawler will headline UFC 181 in Las Vegas, Nevada.",2014-12-06T00:00:00Z,POST_EVENT,"Las Vegas, NV",Mandalay Bay Events Center
UFC Fight Night,FOX Sports 1,Edgar vs. Swanson,Featherweight icons Frankie Edgar and Cub Swanson go head-to-head in the main event at UFC Fight Night Austin.,2014-11-22T00:00:00Z,POST_EVENT,"Austin, TX",Frank Erwin Center
UFC 180,Live on Pay-Per-View,Werdum vs. Hunt,"Live from Mexico City, the UFC brings an action packed card, headlined by an interim heavyweight title fight between Fabricio Werdum and Mark Hunt.",2014-11-15T00:00:00Z,POST_EVENT,,Mexico City Arena
UFC Fight Night,FOX Sports 1,Shogun vs. Saint Preux,"Live from Uberlandia, Brazil, the UFC brings an action packed card headlined by light heavyweights Mauricio ""Shogun"" Rua and Ovince Saint Preux.",2014-11-08T00:00:00Z,POST_EVENT,,Sabiazinho Gymnasium
UFC Fight Night,UFC FIGHT PASS,Rockhold vs. Bisping,The UFC plays host in Australia as top middleweights Luke Rockhold and Michael Bisping clash in the main event of UFC Fight Night Sydney.,2014-11-07T00:00:00Z,POST_EVENT,,Allphones Arena
UFC 179,Live on Pay-Per-View,Aldo vs. Mendes 2,"Live from Rio de Janeiro, featherweight champ Jose Aldo looks to defend his title against top contender Chad Mendes.",2014-10-25T00:00:00Z,POST_EVENT,,Ginasio do Maracanazinho
UFC Fight Night,FX,MacDonald vs. Saffiedine,Welterweight contenders Rory MacDonald and Tarec Saffiedine clash in the main event at UFC Fight Night Halifax.,2014-10-04T00:00:00Z,POST_EVENT,,Scotiabank Centre
UFC Fight Night,UFC FIGHT PASS,Nelson vs. Story,"The UFC heads to Stockholm, Sweden bringing an action packed card with a main event between rising welterweight stars Gunnar Nelson and Rick Story.",2014-10-04T00:00:00Z,POST_EVENT,,Ericsson Globe
UFC 178,Live on Pay-Per-View,Johnson vs. Cariaso,"Live from Las Vegas, the UFC hosts a highly anticipated card headlined by a flyweight title match between champ Demetrious Johnson and Chris Cariaso.",2014-09-27T00:00:00Z,POST_EVENT,"Las Vegas, Nevada",MGM Grand Garden Arena
UFC Fight Night,UFC FIGHT PASS,Hunt vs. Nelson,"The UFC heads back to Japan for an evening of exciting fights, headlined by heavy hitters Mark Hunt and Roy Nelson.",2014-09-20T00:00:00Z,POST_EVENT,,Saitama Super Arena
UFC Fight Night,UFC FIGHT PASS,Bigfoot vs. Arlovski,"Live from Brasilia, Brazil, the UFC brings a highly anticipated card, featuring heavyweights Antonio ""Bigfoot"" Silva and Andrei Arlovski.",2014-09-13T00:00:00Z,POST_EVENT,,Nilson Nelson Gymnasium
UFC Fight Night,FOX Sports 1,Jacare vs. Mousasi,"Live from Connecticut, the UFC brings an action-packed card, featuring a middleweight clash between Ronaldo ""Jacare"" Souza and Gegard Mousasi.",2014-09-05T00:00:00Z,POST_EVENT,"Mashantucket, CT",Foxwoods Resort Casino
UFC 177,Live on Pay-Per-View,Dillashaw vs. Soto,"Live from Sacramento, the UFC hosts an action-packed card, headlined by a title fight between the bantamweight champ T.J. Dillashaw and Joe Soto.",2014-08-30T00:00:00Z,POST_EVENT,"Sacramento, CA",Sleep Train Arena
UFC Fight Night,FOX Sports 1,Henderson vs. Dos Anjos,"UFC Fight Night in Tulsa is filled with action-packed bouts, headlined by top lightweight contenders Benson Henderson and Rafael dos Anjos.",2014-08-23T00:00:00Z,POST_EVENT,"Tulsa, OK",BOK Center
UFC Fight Night,UFC FIGHT PASS,Bisping vs. Le,"The UFC heads to Macao for a night of highly anticipated fights, headlined by a middleweight clash between Michael Bisping and Cung Le.",2014-08-23T00:00:00Z,POST_EVENT,,Cotai Arena - Venetian Macao
UFC Fight Night,FOX Sports 1,Bader vs. Saint Preux,"The UFC heads to Bangor, Maine for a night of exciting fights, highlighted by a light heavyweight showdown between Ryan Bader and Ovince Saint Preux.",2014-08-16T00:00:00Z,POST_EVENT,"Bangor, ME",Cross Insurance Center
UFC Fight Night,Live on FOX,Lawler vs. Brown,"Live from San Jose, the UFC brings an action-packed card highlighted by a welterweight clash between #1 contender Robbie Lawler and #5 Matt Brown.",2014-07-26T00:00:00Z,POST_EVENT,"San Jose, CA",SAP Center
UFC Fight Night,UFC Fight Pass,McGregor vs. Brandao,"The UFC returns to Ireland with a stacked fight card, highlighted by a main event between featherweight contenders Conor McGregor and Diego Brandao.",2014-07-19T00:00:00Z,POST_EVENT,"Dublin, Ireland",The O2
UFC Fight Night,FOX Sports 1,Cerrone vs. Miller,"Top lightweight contender Donald ""Cowboy"" Cerrone looks to take on Jim Miller at UFC Fight Night in Atlantic City, New Jersey.",2014-07-16T00:00:00Z,POST_EVENT,"Atlantic City, NJ",Revel Resorts
The Ultimate Fighter Finale,FOX Sports 1,Edgar vs. Penn,TUF 19 Finale is live from Las Vegas and headlined by rival featherweight coaches Frankie Edgar and B.J. Penn.,2014-07-06T00:00:00Z,POST_EVENT,"Las Vegas, NV",Mandalay Bay Events Center
UFC 175,Live on Pay-Per-View,Weidman vs. Machida,"Middleweight champ Chris Weidman looks to make another title defense against Lyoto Machida at UFC 175 in Las Vegas, Nevada.",2014-07-05T00:00:00Z,POST_EVENT,"Las Vegas, NV",Mandalay Bay Events Center
UFC Fight Night,FOX Sports 1,Swanson vs. Stephens,"Live from San Antonio, Texas, UFC Fight Night is full of highly anticipated fights, headlined by featherweight stars Cub Swanson and Jeremy Stephens.",2014-06-28T00:00:00Z,POST_EVENT,"San Antonio, TX",AT&T Center
UFC Fight Night,UFC Fight Pass,Te Huna vs. Marquardt,"The UFC is live from the Vector Arena in Auckland, New Zealand, featuring a middleweight clash between James Te Huna and Nate Marquardt.",2014-06-28T00:00:00Z,POST_EVENT,,Vector Arena
UFC 174,Live on Pay-Per-View,Johnson vs. Bagautinov,"UFC 174 heads to Vancouver, Canada with a flyweight title fight between reigning champ Demetrious ""Mighty Mouse"" Johnson and Ali Bagautinov.",2014-06-14T00:00:00Z,POST_EVENT,"Vancouver, BC",Rogers Arena
UFC Fight Night,FOX Sports 1,Henderson vs. Khabilov,"For the first time, the UFC heads to Albuquerque, New Mexico for a night of exciting fights featuring Benson Henderson against Rustam Khabilov.",2014-06-07T00:00:00Z,POST_EVENT,"Albuquerque, NM",Tingley Coliseum
UFC Fight Night,FOX Sports 1,Miocic vs. Maldonado,The UFC heads to Brazil for a highly anticipated fight between heavyweight contenders Stipe Miocic and Fabio Maldonado.,2014-05-31T00:00:00Z,POST_EVENT,,Ibirapuera Gymnasium
UFC Fight Night,UFC Fight Pass,Munoz vs. Mousasi,The UFC heads to Berlin for a night of exciting fights featuring a middleweight clash between Mark Munoz and Gegard Mousasi.,2014-05-31T00:00:00Z,POST_EVENT,"Berlin, Germany",The O2 World Berlin
UFC 173,Live on Pay-Per-View,Barao vs. Dillashaw,"Live from Las Vegas, the MGM Grand will play host to the bantamweight title fight between Renan Barao and TJ Dillashaw.",2014-05-24T00:00:00Z,POST_EVENT,"Las Vegas, Nevada",MGM Grand Garden Arena
UFC Fight Night,FOX Sports 1,Brown vs. Silva,UFC Fight Night in Cincinnati is highly anticipated with a welterweight headliner between Matt Brown and Erick Silva.,2014-05-10T00:00:00Z,POST_EVENT,"Cincinnati, OH",US Bank Arena
UFC 172,Live on Pay-Per-View,Jones vs. Teixeira,"Live from Baltimore, UFC 172 features a light heavyweight title fight between champion Jon Jones and top contender Glover Teixeira.",2014-04-26T00:00:00Z,POST_EVENT,"Baltimore, MD",Baltimore Arena
FOX UFC Saturday,Live on FOX,Werdum vs. Browne,"FOX UFC Saturday heads to Orlando, Florida.",2014-04-19T00:00:00Z,POST_EVENT,"Orlando, FL",Amway Center
TUF Nations Finale,FOX Sports 1,Bisping vs. Kennedy,"The UFC heads to Quebec City, Canada for a night of fights featuring middleweight contenders Michael Bisping and Tim Kennedy.",2014-04-16T00:00:00Z,POST_EVENT,,Colisée Pepsi
UFC Fight Night,UFC Fight Pass,Nogueira vs. Nelson,"Heavyweights Minotauro Nogueria and Roy ""Big Country"" Nelson look to square off in Abu Dhabi for a UFC Fight Night event.",2014-04-11T00:00:00Z,POST_EVENT,"Abu Dhabi, UAE","DU Arena, Yas Island"
UFC Fight Night,FOX Sports 1,Shogun vs. Henderson 2,"The UFC heads to Natal, Brazil for a night of fights featuring a light heavyweight battle between Shogun Rua and Dan Henderson.",2014-03-23T00:00:00Z,POST_EVENT,,Ginasio Nelio Dias
UFC 171,Live on Pay-Per-View,Hendricks vs. Lawler,"The UFC heads to Dallas, Texas for UFC 171, featuring a highly anticipated welterweight title fight between Johny Hendricks and Robbie Lawler.",2014-03-15T00:00:00Z,POST_EVENT,"Dallas, Texas",American Airlines Center
UFC Fight Night,UFC Fight Pass,Gustafsson vs. Manuwa,"The UFC heads to London with an action-packed card, headlined by a light heavyweight bout between Alexander Gustafsson and Jimi Manuwa.",2014-03-08T00:00:00Z,POST_EVENT,"London, England",O2 Arena
UFC Fight Night,UFC Fight Pass,Kim vs. Hathaway,"Live from the Cotai Arena in Macao, the UFC features a welterweight clash between Dong Hyun Kim and John Hathaway.",2014-03-01T00:00:00Z,POST_EVENT,,Cotai Arena - Venetian Macao
UFC 170,Live on Pay-Per-View,Rousey vs. McMann,"UFC 170 is live from the Mandalay Bay in Las Vegas, Nevada, featuring a fight for the women's bantamweight title between Ronda Rousey and Sara McMann",2014-02-22T00:00:00Z,POST_EVENT,"Las Vegas, NV",Mandalay Bay Events Center
UFC Fight Night,FOX Sports 1,Machida vs. Mousasi,"Live from Jaragua do Sul, Brazil, Lyoto ""The Dragon"" Machida looks to take on Gegard Mousasi in the midddleweight division.",2014-02-15T00:00:00Z,POST_EVENT,,Arena Jaragua
UFC 169,Barao vs. Faber,Live on Pay-Per-View,"UFC 169 is live from the Prudential Center in New Jersey, with bantamweight champ Renan Barao looking to defend his title against Urijah Faber.",2014-02-01T00:00:00Z,POST_EVENT,"Newark, New Jersey",Prudential Center
FOX UFC Saturday,Henderson vs. Thomson,Live from Chicago,"FOX UFC Saturday is live from Chicago, Illinois, headlined by a lightweight bout between former lightweight champ Benson Henderson and Josh Thomson.",2014-01-25T00:00:00Z,POST_EVENT,"Chicago, IL",United Center
UFC FIGHT NIGHT,FOX Sports 1,Rockhold vs. Philippou,"The UFC heads to The Arena at Gwinnett Center in Duluth, Georgia, featuring a middleweight battle between Luke Rockhold and Costa Philippou.",2014-01-15T00:00:00Z,POST_EVENT,"Duluth, GA",The Arena at Gwinnett Center
UFC Fight Night,Live on UFC Fight Pass,Saffiedine vs. Lim,The UFC goes to Singapore showcasing a welterweight battle between Tarec Saffiedine and Hyun Guy Lim.,2014-01-04T00:00:00Z,POST_EVENT,,Marina Bay Sands
UFC 168,Weidman vs. Silva 2,Live on Pay-Per-View,The UFC rounds out 2013 in Las Vegas with a rematch for the middleweight title as Anderson Silva looks to recapture the belt from Chris Weidman.,2013-12-28T00:00:00Z,POST_EVENT,"Las Vegas, Nevada",MGM Grand Garden Arena
UFC on FOX 9,Johnson vs. Benavidez 2,Live from Sacramento,"Live from the Sleep Train Arena, flyweight champion Demetrious Johnson looks to defend his title against top contender Joseph Benavidez.",2013-12-14T00:00:00Z,POST_EVENT,"Sacramento, CA",Sleep Train Arena
UFC Fight Night,FOX Sports 1,Hunt vs. Bigfoot,"The UFC will make its first-ever appearance in the city of Brisbane, with a heavyweigh clash between Mark ""The Super Samoan"" Hunt and Bigfoot Silva.",2013-12-06T00:00:00Z,POST_EVENT,"Brisbane, Qld",Brisbane Entertainment Centre
TUF 18 Finale,Maynard vs. Diaz,Live on FOX Sports 1,"The finale of The Ultimate Fighter: Team Rousey vs. Team Tate is live from the Mandalay Bay Events Center, headlined by Gray Maynard vs. Nate Diaz.",2013-11-30T00:00:00Z,POST_EVENT,"Las Vegas, NV",Mandalay Bay Events Center
UFC 167,St-Pierre vs. Hendricks,Live on Pay-Per-View,Welterweight champion Georges St-Pierre looks to defend his title against the hard-hitting Johny Hendricks live from the MGM Grand Garden Arena.,2013-11-16T00:00:00Z,POST_EVENT,"Las Vegas, Nevada",MGM Grand Garden Arena
UFC Fight Night,FOX Sports 1,Belfort vs. Henderson,"In the UFC light heavyweight division, Vitor Belfort will take on Dan Henderson in a rematch bout taking place in Goiania, Brazil.",2013-11-09T00:00:00Z,POST_EVENT,,Goiania Arena
Fight for the Troops,FOX Sports 1,UFC Fight Night,"The UFC goes to Fort Campbell, Kentucky in this Fight for the Troops event.",2013-11-06T00:00:00Z,POST_EVENT,"Fort Campbell, Kentucky",Fort Campbell and the 101st Airborne Division
UFC Fight Night,FOX Sports 2,Machida vs. Munoz,"The UFC heads to Manchester, England for an exciting battle between Lyoto ""The Dragon"" Machida and Mark ""The Filipino Wrecking Machine"" Munoz.",2013-10-26T00:00:00Z,POST_EVENT,"Manchester, England",Phones 4U Arena
UFC 166,Velasquez vs. Dos Santos 3,Live on Pay-Per-View,The UFC returns to Houston for the highly-anticipated heavyweight title fight between Cain Velasquez and Junior Dos Santos.,2013-10-19T00:00:00Z,POST_EVENT,"Houston, Texas",Toyota Center
UFC Fight Night,FOX Sports 1,Maia vs. Shields,"The city of Barueri, Brazil welcomes the Ultimate Fighting Championship® with UFC Fight Night: Demian Maia vs. Jake Shields.",2013-10-09T00:00:00Z,POST_EVENT,,Jose Correa Arena
UFC 165,Jones vs. Gustafsson,Live on Pay-Per-View,The UFC returns to the Air Canada Centre in Toronto with the highly-anticipated light heavyweight title fight between Jon Jones and Alex Gustafsson.,2013-09-21T00:00:00Z,POST_EVENT,"Toronto, Ontario",Scotiabank Arena
UFC Fight Night,FOX Sports 1,Teixeira vs. Bader,"The UFC returns to Brazil in the city of Belo Horizonte for a night of exciting fights, featuring Glover Teixeira vs. Ryan ""Darth"" Bader.",2013-09-04T00:00:00Z,POST_EVENT,,Mineirinho Gymnasium
UFC 164,Henderson vs. Pettis,Live on Pay-Per-View,The UFC returns to Milwaukee for a title fight featuring the lightweight champion Benson Henderson and top contender Anthony Pettis.,2013-08-31T00:00:00Z,POST_EVENT,"Milwaukee, Wisconsin",BMO Harris Bradley Center
UFC Fight Night,FOX Sports 1,Condit vs. Kampmann 2,"The UFC makes its long-awaited return to Indianapolis, as Carlos Condit and Martin Kampmann meet in a rematch of their 2009 bout.",2013-08-28T00:00:00Z,POST_EVENT,"Indianapolis, IN",Bankers Life Fieldhouse
UFC Fight Night,FOX Sports 1,Shogun vs. Sonnen,"The UFC returns to Boston for another night of exciting fights, featuring Mauricio ""Shogun"" Rua vs. Chael Sonnen.",2013-08-17T00:00:00Z,POST_EVENT,"Boston, MA",TD Garden
UFC 163,Aldo vs. Korean Zombie,Live on Pay-Per-View,"Top lightweight contender ""The Korean Zombie"" Chan Sung Jung looks to challenge featherweight champion Jose Aldo for the title belt.",2013-08-03T00:00:00Z,POST_EVENT,,HSBC Arena
UFC on FOX 8,Johnson vs. Moraga,Live from Seattle,"The UFC returns to KeyArena with another night of thrilling fights, headlined by the flyweight title bout between Demetrious Johnson and John Moraga.",2013-07-27T00:00:00Z,POST_EVENT,"Seattle, WA",Key Arena
UFC 162,Silva vs. Weidman,Live on Pay-Per-View,The UFC returns to the MGM Grand Garden Arena with a middlweight title bout between champion Anderson Silva and undefeated challenger Chris Weidman.,2013-07-06T00:00:00Z,POST_EVENT,"Las Vegas, Nevada",MGM Grand Garden Arena
UFC 161,Evans vs. Henderson,Live on Pay-Per-View,"The UFC makes its Winnipeg debut with a night of exciting fights, as former champions Rashad Evans and Dan Henderson face off.",2013-06-15T00:00:00Z,POST_EVENT,"Winnipeg, Manitoba",MTS Centre
UFC on FUEL TV 10,Nogueira vs. Werdum,Live from Brazil,"Heavyweight contenders Minotauro Nogueira and Fabricio Werdum meet in a long-awaited rematch, plus the next TUF Brasil winner is crowned.",2013-06-08T00:00:00Z,POST_EVENT,,Paulo Sarasate Arena
UFC 160,Velasquez vs. Bigfoot 2,Live on Pay-Per-View,"The UFC® returns to Vegas for another night of action-packed fights, headlined by the heavyweight title bout between Cain Velasquez and Antonio Silva.",2013-05-25T00:00:00Z,POST_EVENT,"Las Vegas, Nevada",MGM Grand Garden Arena
UFC on FX 8,Belfort vs. Rockhold,Live from Brazil,Former STRIKEFORCE middleweight champion Luke Rockhold makes his UFC debut against former UFC light heavyweight champion Vitor Belfort.,2013-05-18T00:00:00Z,POST_EVENT,,Arena Jaragua
UFC 159 ,Jones vs. Sonnen,Live on Pay-Per View,UFC® light heavyweight champion Jon Jones puts his title on the line against perennial contender Chael Sonnen.,2013-04-27T00:00:00Z,POST_EVENT,"Newark, New Jersey",Prudential Center
UFC on FOX 7,Henderson vs. Melendez,Live from San Jose,"The UFC4 returns to San Jose with a night of free fights, featuring a lightweight title bout between Benson Henderson and Gilbert Melendez.",2013-04-20T00:00:00Z,POST_EVENT,"San Jose, CA",HP Pavilion
The Ultimate Fighter 17 Finale,Faber vs. Jorgensen,Live from Las Vegas,"A new Ultimate Fighter will be crowned live from the Mandalay Bay Events center in Las Vegas, Nevada.",2013-04-13T00:00:00Z,POST_EVENT,"Las Vegas, NV",Mandalay Bay Events Center
UFC on FUEL TV 9,Mousasi vs. Latifi,Live from Stockholm,"The UFC® returns to Stockholm for a night of exciting fights, headlined by a light heavyweight bout between Gegard Mousasi and Ilir Latifi.",2013-04-06T00:00:00Z,POST_EVENT,,Ericsson Globe
UFC 158,St-Pierre vs. Diaz, Live on Pay-Per View,"The UFC® returns to Montreal for UFC® 158, featuring a highly-anticipated title fight between Georges St-Pierre and Nick Diaz.",2013-03-16T00:00:00Z,POST_EVENT,"Montreal, Québec",Bell Centre
UFC on FUEL TV 8,Silva vs. Stann,Japan 2013,"The UFC returns to Japan for another night of exciting fights, headlined by a light heavyweight bout between Wanderlei Silva and Brian Stann.",2013-03-02T00:00:00Z,POST_EVENT,,Saitama Super Arena
UFC 157,Women's Bantamweight Championship,,"The UFC® returns to the Honda center in Anaheim, California, as women's bantamweight champ Ronda Rousey defends her title against Liz Carmouche.",2013-02-23T00:00:00Z,POST_EVENT,"Anaheim, CA",Honda Center
UFC on FUEL TV 7,Barao vs. McDonald,Live from London,"The UFC® makes its long-awaited return to London, as Renan Barao defends his interim bantamweight title against Michael McDonald.",2013-02-16T00:00:00Z,POST_EVENT,,Wembley Arena
UFC 156,Aldo vs. Edgar, Live on Pay-Per-View,UFC® featherweight kingpin Jose Aldo defends his title against former lightweight champion Frankie Edgar in highly anticipated superfight.,2013-02-02T00:00:00Z,POST_EVENT,"Las Vegas, NV",Mandalay Bay Events Center
UFC on FOX 6,Johnson vs. Dodson,Live from Chicago,UFC® flyweight champion Demetrious Johnson makes his first title defense against former TUF winner John Dodson at the United Center in Chicago.,2013-01-26T00:00:00Z,POST_EVENT,"Chicago, IL",United Center
UFC on FX 7,Belfort vs. Bisping,Live from Brazil,"The UFC® kicks off 2013 in Brazil, with an exciting bout between middleweight contenders Vitor Belfort and Michael Bisping.",2013-01-19T00:00:00Z,POST_EVENT,,Ibirapuera Gymnasium
UFC 155 Live on Pay-Per-View,Dos Santos vs. Velasquez II,Live on Pay-Per-View,The UFC® closes out 2012 with an epic rematch between heavyweight champion junior dos Santos and former champion Cain Velasquez. ,2012-12-29T00:00:00Z,POST_EVENT,"Las Vegas, Nevada",MGM Grand Garden Arena
UFC on FX 6,Sotiropoulos vs. Pearson,,"The UFC returns to Australia, as former TUF standouts George Sotiropoulos and Ross Pearson square off.",2012-12-14T00:00:00Z,POST_EVENT,"Gold Coast, Queensland",Gold Coast Convention Centre
The Ultimate Fighter 16,Finale,,"The UFC® returns to the Hard Rock Hotel for The Ultimate Fighter 16 finale, featuring a heavyweight clash between Roy Nelson and Matt Mitrione.",2012-12-15T00:00:00Z,POST_EVENT,"Las Vegas, Nevada",The Joint - Hard Rock Hotel & Casino
UFC on FOX 5,Henderson vs. Diaz,,"The UFC® returns to Seattle for an epic night of free fights, headlined by a lightweight title bout between Benson Henderson and Nate Diaz.",2012-12-08T00:00:00Z,POST_EVENT,"Seattle, WA",Key Arena
UFC® 154 Live on Pay-Per-View,St-Pierre vs. Condit,,Welterweight champion Georges St-Pierre makes his return to the octagon to face interim champ Carlos Condit for the undisputed UFC welterweight title.,2012-11-17T00:00:00Z,POST_EVENT,"Montreal, Québec",Bell Centre
UFC® Macao,Franklin vs. Le,,"The UFC® debuts in China with a night of thrilling bouts, headlined by a middleweight fight between former champions Rich Franklin and Cung Le.",2012-11-10T00:00:00Z,POST_EVENT,,Cotai Arena - Venetian Macao
UFC® 153 Live on Pay-Per-View,Silva vs. Bonnar,,"Already 2-0 at light heavyweight, middleweight champ Anderson Silva will make the move 20 pounds north to meet former TUF finalist Stephan Bonnar.",2012-10-13T00:00:00Z,POST_EVENT,,HSBC Arena
UFC on FX 5,Browne vs. Bigfoot,,"The UFC® lands in Minneapolis for a pivotal heavyweight showdown featuring Travis ""Hapa"" Browne and Antonio ""Bigfoot"" Silva.",2012-10-05T00:00:00Z,POST_EVENT,"Minneapolis, MN",Target Center
UFC on FUEL TV 5,Struve vs. Miocic,,"The UFC® makes its debut in Nottingham with a night of action-packed fights, headlined by a heavyweight tilt between Stefan Struve and Stipe Miocic.",2012-09-29T00:00:00Z,POST_EVENT,,Capital FM Arena
UFC® 152 Live on Pay-Per-View,Jones vs. Belfort,,The UFC® returns to the Air Canada Centre in Toronto with a light heavyweight championship bout between Jon Jones and Vitor Belfort.,2012-09-22T00:00:00Z,POST_EVENT,"Toronto, Ontario",Scotiabank Arena
UFC® 150 Live on Pay-Per-View,Henderson vs. Edgar II ,,"The UFC® returns to the Mile High City, as lightweight champion Benson Henderson makes his first title defense against former champ Frankie Edgar.",2012-08-11T00:00:00Z,POST_EVENT,"Denver, CO",Pepsi Center
UFC on FOX 4,Shogun vs Vera,,"The UFC® lands at Staples Center for a night of great fights on broadcast TV, as Mauricio ""Shogun"" Rua takes on Brandon Vera.",2012-08-04T00:00:00Z,POST_EVENT,"Los Angeles, California",Staples Center
UFC® 149 Live on Pay-Per-View,Faber vs. Barao,,Urijah Faber and Renan Barao battle for the interim bantamweight title. Tim Boetsch meets Hector Lombard and Minotauro Nogueira faces Cheick Kongo.,2012-07-21T00:00:00Z,POST_EVENT,"Calgary, Alberta",Scotiabank Saddledome
UFC on FUEL TV 4,Munoz vs. Weidman,,Two of MMA's top wrestlers collide on July 11 when former national champion Mark Munoz meets two-time All American Chris Weidman at the HP Pavilion.,2012-07-11T00:00:00Z,POST_EVENT,"San Jose, CA",HP Pavilion
UFC® 148 Live on Pay-Per-View,Silva vs. Sonnen II,,It’s the most eagerly anticipated rematch in UFC history as Anderson Silva defends his title against Chael Sonnen.,2012-07-07T00:00:00Z,POST_EVENT,"Las Vegas, Nevada",MGM Grand Garden Arena
UFC® 147 Live on Pay-Per-View,Silva vs. Franklin II,,"Former champions meet to even the score as Wanderlei Silva faces Rich Franklin. Plus, The Ultimate Fighter Brazil winners are crowned.",2012-06-23T00:00:00Z,POST_EVENT,,Mineirinho Gymnasium
UFC on FX 4,Maynard vs. Guida,,"The UFC® rolls into Atlantic City with a card full of action, headlined by an exciting lightweight bout between Gray Maynard and Clay Guida.",2012-06-22T00:00:00Z,POST_EVENT,"Atlantic City, NJ",Revel Resorts
UFC on FX 3,Johnson vs. McCall,,"Demtrious Johnson and Ian McCall settle the score, and determine who will face Joseph Benavidez for the inaugural UFC® flyweight championship.",2012-06-08T00:00:00Z,POST_EVENT,"Sunrise, FL",Bank Atlantic Center
The Ultimate Fighter Live®,Finale,,The next Ultimate Fighter gets crowned at the Palms Casino Resort plus welterweights Jake Ellenberger and Martin Kampmann face off in a pivotal bout.,2012-06-01T00:00:00Z,POST_EVENT,"Las Vegas, Nevada",The Pearl
UFC® 146 Live on Pay-per-View,Dos Santos vs. Mir,,It’s the biggest night of UFC heavyweight action as Junior Dos Santos defends his heavyweight crown against former UFC champion Frank Mir. ,2012-05-26T00:00:00Z,POST_EVENT,"Las Vegas, Nevada",MGM Grand Garden Arena
UFC on FUEL TV 3,Korean Zombie vs. Poirier,,"The UFC® brings a pivotal featherweight matchup to the Patriot Center, as Chan Sung Jung and Dustin square off in a bout with title implications.",2012-05-15T00:00:00Z,POST_EVENT,"Fairfax, Virginia",Patriot Center
UFC on FOX 3,Diaz vs. Miller,,"The UFC® invades the IZOD Center with a pivotal lightweight matchup, as Nate Diaz takes on Jim Miller.",2012-05-05T00:00:00Z,POST_EVENT,"East Rutherford, NJ",IZOD Center
UFC® 145 Live on Pay-Per-View,Jones vs. Evans,,"The UFC® returns to Atlanta with an epic grudge match, as light heavyweight champ Jon Jones defends his title against former teammate Rashad Evans.",2012-04-21T00:00:00Z,POST_EVENT,"Atlanta, GA",Philips Arena
UFC on FUEL TV 2,Gustafsson vs. Silva,,The UFC® makes its debut in Sweden with a night of great fights from the Ericsson Globe Arena in Stockholm.,2012-04-14T00:00:00Z,POST_EVENT,,Ericsson Globe
UFC on FX 2,Alves vs. Kampmann,,"The UFC® returns to Australia with a welterweight bout between Thiago Alves and Martin Kampmann, plus the semifinals of the UFC® flyweight tourney.",2012-03-02T00:00:00Z,POST_EVENT,,Allphones Arena
UFC® 144 Live on Pay-Per-View,Edgar vs Henderson,,"The UFC® makes its long-awaited return to Japan, as lightweight champion Frankie Edgar defends his title against top contender Benson Henderson.",2012-02-25T00:00:00Z,POST_EVENT,,Saitama Super Arena
UFC on FUEL TV 1,Sanchez vs. Ellenberger,,"The UFC®  makes its debut on FUEL TV, with Diego Sanchez taking on Jake Ellenberger in a pivotal welterweight bout.",2012-02-15T00:00:00Z,POST_EVENT,"Omaha, NE",Omaha Civic Auditorium
UFC® 143 Live on Pay-Per-View,Diaz vs. Condit,,Excitement is guaranteed when Nick Diaz faces Carlos Condit for the UFC® interim welterweight title in Las Vegas.,2012-02-04T00:00:00Z,POST_EVENT,"Las Vegas, NV",Mandalay Bay Events Center
UFC on FOX 2,Evans vs. Davis,,"The UFC® invades Chicago with a pivotal light heavyweight bout, as former champion Rashad Evans takes on undefeated Phil Davis.",2012-01-28T00:00:00Z,POST_EVENT,"Chicago, IL",United Center
UFC on FX 1,Guillard vs. Miller,,"The UFC® heads to Nashville with a pivotal matchup in the lightweight division, as Melvin Guillard takes on Jim Miller.",2012-01-20T00:00:00Z,POST_EVENT,"Nashville, TN",Bridgestone Arena
UFC RIO ,Aldo vs. Mendes,,"The UFC® returns to Brazil with another title fight, as featherweight champ Jose Aldo defends his belt against unbeaten Chad ""Money"" Mendes.",2012-01-14T00:00:00Z,POST_EVENT,,HSBC Arena
UFC® 141 Live on Pay-Per-View,Lesnar vs. Overeem,,"The UFC® ends 2011 with a bang, as former UFC® heavyweight champion Brock Lesnar returns to the Octagon™ to face vicious striker Alistair Overeem.",2011-12-30T00:00:00Z,POST_EVENT,"Las Vegas, Nevada",MGM Grand Garden Arena
UFC® 140 Live on Pay-Per-View,Jones vs. Machida,,"For the second time in 2011, the UFC® brings a title fight to Toronto, as light heavyweight champ Jon Jones faces former champion Lyoto Machida.",2011-12-10T00:00:00Z,POST_EVENT,"Toronto, Ontario",Scotiabank Arena
The Ultimate Fighter 14 Finale,Team Bisping vs. Team Miller,,"Two featherweights and two bantamweights battle to determine the next Ultimate Fighters, plus coaches Michael Bisping and Jason Miller face off.",2011-12-03T00:00:00Z,POST_EVENT,"Las Vegas, Nevada",The Pearl
UFC® 139 Live on Pay-Per-View,Shogun vs. Henderson,,"The UFC brings the big guns to its San Jose debut, as MMA legends Dan Henderson and Mauricio ""Shogun"" Rua collide in a pivotal light heavyweight bout.",2011-11-19T00:00:00Z,POST_EVENT,"San Jose, CA",HP Pavilion
UFC on Fox 1,Velasquez vs. Dos Santos,,"The UFC® makes its broadcast television debut on Saturday, November 12, live from the Honda Center in Anaheim, California.",2011-11-12T00:00:00Z,POST_EVENT,"Anaheim, CA",Honda Center
UFC® 138,LEBEN vs. MUNOZ,,"The UFC® invades the LG Arena in Birmingham, England with an action-packed card, headlined by Chris Leben vs. Mark Munoz.",2011-11-05T00:00:00Z,POST_EVENT,,LG Arena
UFC® 137 Live on Pay-Per-View,Penn vs. Diaz,,"The UFC® returns to Vegas on October 29, as former two-division champion BJ Penn faces former Strikeforce® welterweight champ Nick Diaz.",2011-10-29T00:00:00Z,POST_EVENT,"Las Vegas, NV",Mandalay Bay Events Center
UFC® 136 Live on Pay Per View,EDGAR vs. MAYNARD III,,"The UFC® rolls into Houston on October 8, as Frankie Edgar  and Gray Maynard meet in a long-awaited rematch for the UFC® Lightweight championship.",2011-10-08T00:00:00Z,POST_EVENT,"Houston, Texas",Toyota Center
UFC LIVE 6,Cruz vs. Johnson,,"For the first time in four years, the UFC® brings a title fight to free TV, as bantamweight champ Dominick Cruz battles Demetrious Johnson.",2011-10-01T00:00:00Z,POST_EVENT,"Washington, DC",Verizon Center
UFC® 135,JONES vs. RAMPAGE,,"The UFC® returns to Denver, as UFC® Light Heavyweight champ Jon Jones defends his title against former champion Quinton ""Rampage"" Jackson.",2011-09-25T00:00:00Z,POST_EVENT,"Denver, CO",Pepsi Center
UFC® 135,JONES vs. RAMPAGE,,"The UFC® regresa a Denver, cuando el Campeón Peso Semi Completo del UFC® Jon Jones defienda su título frente al ex-campeón Quinton ""Rampage"" Jackson.",2011-09-24T00:00:00Z,POST_EVENT,"Denver, CO",Pepsi Center
UFC® 135,JONES vs. RAMPAGE,,"The UFC® returns to Denver, as UFC® Light Heavyweight champ Jon Jones defends his title against former champion Quinton ""Rampage"" Jackson.",2011-09-25T00:00:00Z,POST_EVENT,"Denver, CO",Pepsi Center
UFC® 135,JONES vs. RAMPAGE,,"The UFC® returns to Denver, as UFC® Light Heavyweight champ Jon Jones defends his title against former champion Quinton ""Rampage"" Jackson.",2011-09-25T00:00:00Z,POST_EVENT,"Denver, CO",Pepsi Center
UFC® 135,JONES vs. RAMPAGE,,"The UFC® returns to Denver, as UFC® Light Heavyweight champ Jon Jones defends his title against former champion Quinton ""Rampage"" Jackson.",2011-09-25T00:00:00Z,POST_EVENT,"Denver, CO",Pepsi Center
UFC® 135,JONES vs. RAMPAGE,,"The UFC® returns to Denver, as UFC® Light Heavyweight champ Jon Jones defends his title against former champion Quinton ""Rampage"" Jackson.",2011-09-24T00:00:00Z,POST_EVENT,"Denver, CO",Pepsi Center
UFC® 135,JONES vs. RAMPAGE,,"The UFC® returns to Denver, as UFC® Light Heavyweight champ Jon Jones defends his title against former champion Quinton ""Rampage"" Jackson.",2011-09-25T00:00:00Z,POST_EVENT,"Denver, CO",Pepsi Center
UFC® 135,JONES vs. RAMPAGE,,"The UFC® returns to Denver, as UFC® Light Heavyweight champ Jon Jones defends his title against former champion Quinton ""Rampage"" Jackson.",2011-09-25T00:00:00Z,POST_EVENT,"Denver, CO",Pepsi Center
UFC® 135,JONES vs. RAMPAGE,,"The UFC® returns to Denver, as UFC® Light Heavyweight champ Jon Jones defends his title against former champion Quinton ""Rampage"" Jackson.",2011-09-25T00:00:00Z,POST_EVENT,"Denver, CO",Pepsi Center
UFC® 135 Live on Pay Per View,JONES vs. RAMPAGE,,"The UFC® returns to Denver, as UFC® Light Heavyweight champ Jon Jones defends his title against former champion Quinton ""Rampage"" Jackson.",2011-09-24T00:00:00Z,POST_EVENT,"Denver, CO",Pepsi Center
UFC Fight Night Live,SHIELDS vs. ELLENBERGER,,"It's a Battle in the Bayou, as the UFC® invades New Orleans. Jake Shields faces Jake Ellenberger in an electrifying main event.",2011-09-17T00:00:00Z,POST_EVENT,"New Orleans, LA",New Orleans Convention Center
UFC® RIO Live on Pay-Per-View,Silva vs. Okami,,"The UFC® makes its long-awaited return to Brazil, as UFC® Middleweight champ Anderson Silva defends his title against Yushin  Okami.",2011-08-27T00:00:00Z,POST_EVENT,,HSBC Arena
UFC® LIVE 5,Hardy vs. Lytle,,The UFC® makes its debut in Milwaukee for UFC® on VERSUS.,2011-08-14T00:00:00Z,POST_EVENT,"Milwaukee, WI",Bradley Center
UFC® 133 Live on Pay-Per-View,Evans vs. Ortiz,,"Former light heavyweight champions collide in Philadelphia, as Rashad Evans takes on Tito Ortiz in a bout with title implications.",2011-08-06T00:00:00Z,POST_EVENT,"Philadelphia, PA",Wells Fargo Center
UFC® 132,Cruz vs. Faber,,UFC® Bantamweight Champion Dominick Cruz defends his title against former WEC® Featherweight champ Urijah Faber.,2011-07-02T00:00:00Z,POST_EVENT,"Las Vegas, Nevada",MGM Grand Garden Arena
UFC® Live on Versus,KONGO vs BARRY,,Cheick Kongo vs. Pat Barry bout has been elevated to the main event.,2011-06-26T00:00:00Z,POST_EVENT,"Pittsburgh, PA",CONSOL Energy Center
UFC® 131,DOS SANTOS vs. CARWIN,,"The UFC® returns to Vancouver with an exciting main event, as Junior dos Santos and Shane Carwin meet in a battle of heavyweight powerhouses.",2011-06-11T00:00:00Z,POST_EVENT,"Vancouver, BC",Rogers Arena
The Ultimate Fighter Finale,Team Lesnar vs. Team Dos Santos ,,,2011-06-04T00:00:00Z,POST_EVENT,"Las Vegas, Nevada",The Pearl
UFC® 130,Rampage vs. Hamill,,"Former UFC® Champion Quinton ""Rampage"" Jackson takes on Matt Hamill in a pivotal light heavyweight bout.",2011-05-28T00:00:00Z,POST_EVENT,"Las Vegas, Nevada",MGM Grand Garden Arena
UFC® 129,ST-PIERRE vs. SHIELDS,,The UFC® makes its debut in Toronto with an epic clash between Welterweight champ Georges St-Pierre and No. 1 contender Jake Shields.,2011-05-01T00:00:00Z,POST_EVENT,"Toronto, Ontario",Rogers Centre
UFC® 129,ST-PIERRE vs. SHIELDS,,The UFC® makes its debut in Toronto with an epic clash between Welterweight champ Georges St-Pierre and No. 1 contender Jake Shields.,2011-04-30T00:00:00Z,POST_EVENT,"Toronto, Ontario",Rogers Centre
UFC® 129,ST-PIERRE vs. SHIELDS,,The UFC® makes its debut in Toronto with an epic clash between Welterweight champ Georges St-Pierre and No. 1 contender Jake Shields.,2011-05-01T00:00:00Z,POST_EVENT,"Toronto, Ontario",Rogers Centre
UFC® 129,ST-PIERRE vs. SHIELDS,,The UFC® makes its debut in Toronto with an epic clash between Welterweight champ Georges St-Pierre and No. 1 contender Jake Shields.,2011-05-01T00:00:00Z,POST_EVENT,"Toronto, Ontario",Rogers Centre
UFC® 129,ST-PIERRE vs. SHIELDS,,The UFC® makes its debut in Toronto with an epic clash between Welterweight champ Georges St-Pierre and No. 1 contender Jake Shields.,2011-04-30T00:00:00Z,POST_EVENT,"Toronto, Ontario",Rogers Centre
UFC® 129,ST-PIERRE vs. SHIELDS,,The UFC® makes its debut in Toronto with an epic clash between Welterweight champ Georges St-Pierre and No. 1 contender Jake Shields.,2011-05-01T00:00:00Z,POST_EVENT,"Toronto, Ontario",Rogers Centre
UFC® 129,ST-PIERRE vs. SHIELDS,,The UFC® makes its debut in Toronto with an epic clash between Welterweight champ Georges St-Pierre and No. 1 contender Jake Shields.,2011-04-30T00:00:00Z,POST_EVENT,"Toronto, Ontario",Rogers Centre
UFC® 129,ST-PIERRE vs. SHIELDS,,The UFC® makes its debut in Toronto with an epic clash between Welterweight champ Georges St-Pierre and No. 1 contender Jake Shields.,2011-05-01T00:00:00Z,POST_EVENT,"Toronto, Ontario",Rogers Centre
UFC® 129,ST-PIERRE vs. SHIELDS,,The UFC® makes its debut in Toronto with an epic clash between Welterweight champ Georges St-Pierre and No. 1 contender Jake Shields.,2011-05-01T00:00:00Z,POST_EVENT,"Toronto, Ontario",Rogers Centre
UFC® 129,ST-PIERRE vs. SHIELDS,,The UFC® makes its debut in Toronto with an epic clash between Welterweight champ Georges St-Pierre and No. 1 contender Jake Shields.,2011-04-30T00:00:00Z,POST_EVENT,"Toronto, Ontario",Rogers Centre
UFC® Fight Night Live,NOGUEIRA vs. DAVIS,,MMA legend Antonio Rogerio Nogueira takes on undefeated Phil Davis in Seattle.,2011-03-26T00:00:00Z,POST_EVENT,"Seattle, WA",Key Arena
UFC® 128,SHOGUN vs JONES,,"The UFC® returns to Newark on March 19 as UFC light heavyweight champion Mauricio “Shogun” Rua tries to defend his title versus whiz kid, Jon Jones.",2011-03-19T00:00:00Z,POST_EVENT,"Newark, New Jersey",Prudential Center
UFC on VERSUS,SANCHEZ vs. KAMPMANN,,"For the first time ever, UFC® delivers its hard-hitting action to the Bluegrass State for UFC® LIVE, from the KFC Yum! Center in Louisville.",2011-03-03T00:00:00Z,POST_EVENT,"Louisville, KY",KFC Yum! Center
UFC® 127,PENN vs. FITCH,,"Former UFC® Lightweight and Welterweight champ BJ Penn takes on Welterweight contender Jon Fitch in Sydney, Australia.",2011-02-26T00:00:00Z,POST_EVENT,"Sydney, NSW",Acer Arena
UFC® 126,SILVA vs BELFORT,,"UFC® Middleweight champ Anderson Silva defends his title against former UFC® Light Heavyweight champ Vitor Belfort.
",2011-02-05T00:00:00Z,POST_EVENT,"Las Vegas, NV",Mandalay Bay Events Center
UFC Fight Night ,Fight for the Troops 2,,"For information on how to donate, please visit http://www.ufc.com/fight-for-the-troops-2-auction",2011-01-22T00:00:00Z,POST_EVENT,,
UFC® Fight Night™ ,Fight for the Troops 2,,この特別なUFC中継の対戦カードは外傷性脳損傷を患う合衆国軍の勇敢な男女のための基金を積み立てるためのものです。募金に関する情報はwww.FightForTheTroops.com をご参照ください。,2011-01-23T00:00:00Z,POST_EVENT,,
UFC® Fight Night™ ,Fight for the Troops 2,,"Para informações sobre como doar, por favor visite www.FightForTheTroops.com.",2011-01-23T00:00:00Z,POST_EVENT,,
UFC® Fight Night™ ,Fight for the Troops 2,,"For information on how to donate, please visit www.FightForTheTroops.com. ",2011-01-23T00:00:00Z,POST_EVENT,,
UFC® Fight Night™ ,Fight for the Troops 2,,"Para más información en como donar, visita  www.FightForTheTroops.com.",2011-01-22T00:00:00Z,POST_EVENT,,
UFC® Fight Night™ ,Fight for the Troops 2,,"For information on how to donate, please visit www.FightForTheTroops.com. ",2011-01-23T00:00:00Z,POST_EVENT,,
UFC® Fight Night™ ,Fight for the Troops 2,,"For information on how to donate, please visit www.FightForTheTroops.com. ",2011-01-22T00:00:00Z,POST_EVENT,,
UFC® Fight Night™ ,Fight for the Troops 2,,"For information on how to donate, please visit www.FightForTheTroops.com. ",2011-01-23T00:00:00Z,POST_EVENT,,
UFC Fight for the Troops 2,Dunham vs Guillard,,"For information on how to donate, please visit http://www.ufc.com/fight-for-the-troops-2-auction",2011-01-22T00:00:00Z,POST_EVENT,,
UFC® 125,RESOLUTION,,The UFC® Lightweight belt is on the line as Frankie Edgar defends his title in a rematch against undefeated No. 1 contender Gray Maynard.,2011-01-01T00:00:00Z,POST_EVENT,"Las Vegas, Nevada",MGM Grand Garden Arena
UFC® 125,RESOLUTION,,The UFC® Lightweight belt is on the line as Frankie Edgar defends his title in a rematch against undefeated No. 1 contender Gray Maynard.,2011-01-02T00:00:00Z,POST_EVENT,"Las Vegas, Nevada",MGM Grand Garden Arena
UFC® 125,RESOLUTION,,El cinturón peso ligero de UFC® está en juego cuando Frankie Edgar defienda su título contra el contendiente invicto  Núm. 1 Gray Maynard.,2011-01-01T00:00:00Z,POST_EVENT,"Las Vegas, Nevada",MGM Grand Garden Arena
UFC® 125,RESOLUTION,,,2011-01-02T00:00:00Z,POST_EVENT,"Las Vegas, Nevada",MGM Grand Garden Arena
UFC® 125,RESOLUTION,,O cinturão peso leve do UFC® está em jogo quando Frankie Edgar defende seu título em uma revanche contra o invicto desafiante Gray Maynard.,2011-01-02T00:00:00Z,POST_EVENT,"Las Vegas, Nevada",MGM Grand Garden Arena
UFC® 125,RESOLUTION,,,2011-01-01T00:00:00Z,POST_EVENT,"Las Vegas, Nevada",MGM Grand Garden Arena
UFC® 125,RESOLUTION,,UFC®ライト級のベルトを賭けた一戦。フランキー・エドガーが無敗のナンバーワン・コンテンダー、グレイ・メイナードを相手に防衛線を行う。,2011-01-01T00:00:00Z,POST_EVENT,"Las Vegas, Nevada",MGM Grand Garden Arena
UFC® 125,RESOLUTION,,The UFC® Lightweight belt is on the line as Frankie Edgar defends his title in a rematch against undefeated No. 1 contender Gray Maynard.,2011-01-01T00:00:00Z,POST_EVENT,"Las Vegas, Nevada",MGM Grand Garden Arena
UFC® 124,ST-PIERRE vs KOSCHECK,, UFC® welterweight champion and Montreal native Georges St-Pierre goes home to once again face his most heated rival - No. 1 contender Josh Koscheck.,2010-12-11T00:00:00Z,POST_EVENT,"Montreal, Québec",Bell Centre
The Ultimate Fighter® 12,Team GSP vs Team Koscheck Finale,,Two of The Ultimate Fighter’s® most celebrated alumni will be featured in separate co-featured in the live finale.  ,2010-12-04T00:00:00Z,POST_EVENT,"Las Vegas, Nevada",The Pearl
UFC® 123,RAMPAGE vs MACHIDA,," Former UFC light heavyweight champions battle it out as Quinton “Rampage” Jackson takes on Lyoto  Machida. Plus, Matt Hughes vs. BJ Penn.  ",2010-11-20T00:00:00Z,POST_EVENT,"Auburn Hills, MI",Palace of Auburn Hills
UFC® 122,MARQUARDT vs OKAMI,,A title shot is on the line as middleweights Yushin Okami and Nate Marquardt battle to become the No. 1 contender.,2010-11-13T00:00:00Z,POST_EVENT,,König Pilsener Arena
UFC® 121,LESNAR vs VELASQUEZ,,"UFC® heavyweight champion Brock Lesnar, is back and unbeaten Cain Velasquez is looking to take his belt and become the first man to knock him out. ",2010-10-23T00:00:00Z,POST_EVENT,"Anaheim, CA",Honda Center
UFC® 120,BISPING vs AKIYAMA,,"We have three of the very best British fighters to ever put on a pair of gloves, all in hugely significant matches, all on the same card.",2010-10-16T00:00:00Z,POST_EVENT,"London, England",O2 Arena
UFC® 119,MIR vs CRO COP ,,Two Heavyweight legends - Frank Mir and Mirko Cro-Cop - clash for a chance to re-enter the title picture.,2010-09-25T00:00:00Z,POST_EVENT,"Indianapolis, IN",Bankers Life Fieldhouse
UFC® Fight Night™:,MARQUARDT vs PALHARES,,Two of the world's best middleweights face off in a battle with title implications.,2010-09-15T00:00:00Z,POST_EVENT,"Austin, TX",Frank Erwin Center
UFC® 118,EDGAR vs PENN 2,,"For a city steeped in sports history, finally Boston will get to witness world-class mixed martial arts in its own backyard.
",2010-08-28T00:00:00Z,POST_EVENT,"Boston, MA",TD Garden
UFC® 117,SILVA vs SONNEN,,"The Ultimate Fighting Championship® returns on Saturday, August 7th, and fight fans will be treated to a world championship showdown ",2010-08-07T00:00:00Z,POST_EVENT,"Oakland, CA",Oracle Arena
UFC® LIVE,JONES vs MATYUSHENKO,,Rising Ultimate Fighting Championship star Jon “Bones” Jones has captivated the fight world with a dynamic style that has ,2010-08-01T00:00:00Z,POST_EVENT,"San Diego, CA",San Diego Sports Arena
UFC® 116,LESNAR vs CARWIN,,,2010-07-03T00:00:00Z,POST_EVENT,"Las Vegas, Nevada",MGM Grand Garden Arena
The Ultimate Fighter® FINALE,Team Liddell vs Team Ortiz,,,2010-06-19T00:00:00Z,POST_EVENT,"Las Vegas, Nevada",The Pearl
UFC® 115 ,LIDDELL vs. FRANKLIN,,,2010-06-12T00:00:00Z,POST_EVENT,"Vancouver, BC",General Motors Place
UFC® 114,RAMPAGE vs EVANS,,,2010-05-29T00:00:00Z,POST_EVENT,"Las Vegas, Nevada",MGM Grand Garden Arena
UFC® 113,MACHIDA vs SHOGUN 2,,,2010-05-08T00:00:00Z,POST_EVENT,"Montreal, Québec",Bell Centre
UFC® Fight Night™ 21,FLORIAN vs GOMI,,,2010-03-31T00:00:00Z,POST_EVENT,"Charlotte, NC",Bojangles' Coliseum
UFC® 111,ST-PIERRE vs HARDY,,,2010-03-27T00:00:00Z,POST_EVENT,"Newark, New Jersey",Prudential Center
UFC® on Versus,VERA vs JONES,,,2010-03-21T00:00:00Z,POST_EVENT,"Broomfield, CO",1STBANK Center
UFC® 110,NOGUEIRA vs VELASQUEZ,,,2010-02-20T00:00:00Z,POST_EVENT,"Sydney, NSW",Acer Arena
UFC® 109,RELENTLESS,,,2010-02-06T00:00:00Z,POST_EVENT,"Las Vegas, NV",Mandalay Bay Events Center
UFC® Fight Night™,MAYNARD vs DIAZ,,,2010-01-11T00:00:00Z,POST_EVENT,"Fairfax, Virginia",Patriot Center
UFC® 108,EVANS vs SILVA,,,2010-01-02T00:00:00Z,POST_EVENT,"Las Vegas, Nevada",MGM Grand Garden Arena
UFC® 107,PENN vs SANCHEZ,,,2009-12-12T00:00:00Z,POST_EVENT,"Memphis, TN",FedEx Forum
The Ultimate Fighter® ,Heavyweights FINALE,,,2009-12-05T00:00:00Z,POST_EVENT,"Las Vegas, Nevada",The Pearl
UFC® 106,ORTIZ vs GRIFFIN 2,,,2009-11-21T00:00:00Z,POST_EVENT,"Las Vegas, NV",Mandalay Bay Events Center
UFC® 105,COUTURE vs VERA,,,2009-11-14T00:00:00Z,POST_EVENT,"Manchester, England",Phones 4U Arena
UFC® 104,MACHIDA v SHOGUN,,,2009-10-24T00:00:00Z,POST_EVENT,"Los Angeles, California",Staples Center
UFC® 103,FRANKLIN vs BELFORT,,,2009-09-19T00:00:00Z,POST_EVENT,"Dallas, Texas",American Airlines Center
UFC® Fight Night™,DIAZ vs GUILLARD,,,2009-09-16T00:00:00Z,POST_EVENT,"Oklahoma City, OK",Cox Convention Center
UFC® 102,COUTURE vs NOGUEIRA,,,2009-08-29T00:00:00Z,POST_EVENT,"Portland, OR",Rose Garden Arena
UFC® 101,DECLARATION,,,2009-08-08T00:00:00Z,POST_EVENT,"Philadelphia, PA",Wachovia Center
UFC® 100,Lesnar vs. Mir II,,,2009-07-11T00:00:00Z,POST_EVENT,"Las Vegas, NV",Mandalay Bay Events Center
The Ultimate Fighter® ,Team US vs Team UK FINALE,,,2009-06-20T00:00:00Z,POST_EVENT,"Las Vegas, Nevada",The Pearl
UFC® 99,THE COMEBACK,,,2009-06-13T00:00:00Z,POST_EVENT,"Cologne, Germany",Lanxess Arena
UFC® 98,EVANS vs MACHIDA,,,2009-05-23T00:00:00Z,POST_EVENT,"Las Vegas, Nevada",MGM Grand Garden Arena
UFC® 97,REDEMPTION,,,2009-04-18T00:00:00Z,POST_EVENT,"Montreal, Canada",Centre Bell
UFC® Fight Night™,CONDIT vs KAMPMANN,,,2009-04-01T00:00:00Z,POST_EVENT,"Nashville, TN",Sommet Center
UFC® 96,JACKSON vs JARDINE,,,2009-03-07T00:00:00Z,POST_EVENT,"Columbus, OH",Nationwide Arena
UFC® 95,SANCHEZ vs STEVENSON,,,2009-02-21T00:00:00Z,POST_EVENT,"London, England",O2 Arena
UFC® Fight Night™,LAUZON vs STEPHENS,,,2009-02-07T00:00:00Z,POST_EVENT,"Tampa, Florida",Sun Dome
UFC® 94,ST-PIERRE VS PENN 2,,,2009-01-31T00:00:00Z,POST_EVENT,"Las Vegas, Nevada",MGM Grand Garden Arena
UFC® 93,FRANKLIN vs HENDERSON,,,2009-01-17T00:00:00Z,POST_EVENT,"Dublin, Ireland",The O2
UFC® 92,THE ULTIMATE 2008,,,2008-12-27T00:00:00Z,POST_EVENT,"Las Vegas, Nevada",MGM Grand Garden Arena
The Ultimate Fighter® Finale,Team Nog vs Team Mir,,,2008-12-13T00:00:00Z,POST_EVENT,"Las Vegas, Nevada",The Pearl
UFC® Fight Night™,FIGHT FOR THE TROOPS,,,2008-12-10T00:00:00Z,POST_EVENT,"Fort Bragg, NC",Crown Coliseum
UFC® 91,COUTURE vs LESNAR,,,2008-11-15T00:00:00Z,POST_EVENT,"Las Vegas, Nevada",MGM Grand Garden Arena
UFC® 90,SILVA vs COTE,,,2008-10-25T00:00:00Z,POST_EVENT,"Chicago, IL",Allstate Arena
UFC® 89,BISPING vs LEBEN,,,2008-10-18T00:00:00Z,POST_EVENT,"Birmingham, United Kingdom",The NIA
UFC® Fight Night™,Diaz vs Neer,,,2008-09-17T00:00:00Z,POST_EVENT,"Omaha, NE",Omaha Civic Auditorium
UFC® 88,BREAKTHROUGH,,,2008-09-06T00:00:00Z,POST_EVENT,"Atlanta, GA",Philips Arena
UFC® 87,SEEK AND DESTROY,,,2008-08-09T00:00:00Z,POST_EVENT,"Minneapolis, MN",Target Center
UFC® Fight Night,Silva vs Irvin,,,2008-07-19T00:00:00Z,POST_EVENT,"Las Vegas, Nevada",The Pearl
UFC® 86,JACKSON vs GRIFFIN,,,2008-07-05T00:00:00Z,POST_EVENT,"Las Vegas, NV",Mandalay Bay Events Center
The Ultimate Fighter® Finale,Team Rampage vs Team Forrest,,,2008-06-21T00:00:00Z,POST_EVENT,"Las Vegas, Nevada",The Pearl
UFC® 85,BEDLAM,,,2008-06-07T00:00:00Z,POST_EVENT,"London, England",O2 Arena
UFC® 84,ILL WILL,,,2008-05-24T00:00:00Z,POST_EVENT,"Las Vegas, Nevada",MGM Grand Garden Arena
UFC® 83 ,SERRA vs ST-PIERRE 2,,,2008-04-19T00:00:00Z,POST_EVENT,"Montreal, Canada",Centre Bell
UFC® Fight Night™,FLORIAN vs LAUZON,,,2008-04-02T00:00:00Z,POST_EVENT,"Broomfield, CO",Broomfield Event Center
UFC® 82,PRIDE OF A CHAMPION,,,2008-03-01T00:00:00Z,POST_EVENT,"Columbus, OH",Nationwide Arena
UFC® 81,BREAKING POINT,,,2008-02-02T00:00:00Z,POST_EVENT,"Las Vegas, NV",Mandalay Bay Events Center
UFC® Fight Night™,SWICK vs BURKMAN,,,2008-01-23T00:00:00Z,POST_EVENT,"Las Vegas, Nevada",The Pearl
UFC® 80,RAPID FIRE,,,2008-01-19T00:00:00Z,POST_EVENT,"Newcastle, England",Metro Radio Arena
UFC® 79,NEMESIS,,,2007-12-29T00:00:00Z,POST_EVENT,"Las Vegas, NV",Mandalay Bay Events Center
The Ultimate Fighter®,Team Serra vs Team Hughes FINALE,,,2007-12-09T00:00:00Z,POST_EVENT,"Las Vegas, Nevada",The Pearl
UFC® 78,VALIDATION,,,2007-11-17T00:00:00Z,POST_EVENT,"Newark, New Jersey",Prudential Center
UFC® 77,HOSTILE TERRITORY,,,2007-10-20T00:00:00Z,POST_EVENT,"Cincinnati, OH",US Bank Arena
UFC® 76,KNOCKOUT,,,2007-09-22T00:00:00Z,POST_EVENT,"Anaheim, CA",Honda Center
UFC® Fight Night™,THOMAS vs FLORIAN,,,2007-09-19T00:00:00Z,POST_EVENT,"Las Vegas, Nevada",The Pearl
UFC® 75,CHAMPION VS CHAMPION,,,2007-09-08T00:00:00Z,POST_EVENT,"London, England",O2 Arena
UFC® 74,RESPECT,,,2007-08-25T00:00:00Z,POST_EVENT,"Las Vegas, NV",Mandalay Bay Events Center
UFC® 73,STACKED,,,2007-07-07T00:00:00Z,POST_EVENT,"Sacramento, CA",Power Balance Pavilion
The Ultimate Fighter® 5,Finale,,,2007-06-23T00:00:00Z,POST_EVENT,"Las Vegas, Nevada",The Pearl
UFC® 72,VICTORY,,,2007-06-16T00:00:00Z,POST_EVENT,"Belfast, Northern Ireland",SSE Arena
UFC® Fight Night™,STOUT vs FISHER,,,2007-06-12T00:00:00Z,POST_EVENT,"Hollywood, FL",Seminole Hard Rock Hotel & Casino
UFC® 71,LIDDELL vs JACKSON,,,2007-05-27T00:00:00Z,POST_EVENT,"Las Vegas, Nevada",MGM Grand Garden Arena
UFC® 70,NATIONS COLLIDE,,,2007-04-21T00:00:00Z,POST_EVENT,"Manchester, England",Phones 4U Arena
UFC® 69,SHOOTOUT,,,2007-04-07T00:00:00Z,POST_EVENT,"Houston, Texas",Toyota Center
UFC® Fight Night™,STEVENSON vs GUILLARD,,,2007-04-05T00:00:00Z,POST_EVENT,"Las Vegas, Nevada",The Pearl
UFC® 68,THE UPRISING,,,2007-03-03T00:00:00Z,POST_EVENT,"Columbus, OH",Nationwide Arena
UFC® 67,ALL OR NOTHING,,,2007-02-03T00:00:00Z,POST_EVENT,"Las Vegas, NV",Mandalay Bay Events Center
UFC® Fight Night™,EVANS vs SALMON,,,2007-01-25T00:00:00Z,POST_EVENT,"Hollywood, FL",Seminole Hard Rock Hotel & Casino
UFC® 66,LIDDELL VS. ORTIZ,,,2006-12-30T00:00:00Z,POST_EVENT,"Las Vegas, Nevada",MGM Grand Garden Arena
UFC® Fight Night™,SANCHEZ vs RIGGS,,,2006-12-13T00:00:00Z,POST_EVENT,"Miramar, CA",Hangar 1
UFC® 65,BAD INTENTIONS,,,2006-11-18T00:00:00Z,POST_EVENT,"Sacramento, CA",Power Balance Pavilion
The Ultimate Fighter® 4,Finale,,,2006-11-11T00:00:00Z,POST_EVENT,"Las Vegas, Nevada",The Joint - Hard Rock Hotel & Casino
UFC® 64,UNSTOPPABLE,,,2006-10-14T00:00:00Z,POST_EVENT,"Las Vegas, NV",Mandalay Bay Events Center
Ortiz vs Shamrock 3,The Final Chapter,,,2006-10-10T00:00:00Z,POST_EVENT,"Hollywood, FL",Seminole Hard Rock Hotel & Casino
UFC® 63,Hughes vs. Penn,,,2006-09-23T00:00:00Z,POST_EVENT,"Anaheim, CA",Honda Center
UFC® 62,LIDDELL VS. SOBRAL,,,2006-08-26T00:00:00Z,POST_EVENT,"Las Vegas, NV",Mandalay Bay Events Center
UFC® Fight Night™,6,,,2006-08-17T00:00:00Z,POST_EVENT,"Las Vegas, NV",Red Rock Casino Resort Spa
UFC® 61,Bitter Rivals,,,2006-07-08T00:00:00Z,POST_EVENT,"Las Vegas, NV",Mandalay Bay Events Center
UFC® Fight Night™,5,,,2006-06-28T00:00:00Z,POST_EVENT,"Las Vegas, Nevada",The Joint - Hard Rock Hotel & Casino
The Ultimate Fighter® 3,Finale,,,2006-06-24T00:00:00Z,POST_EVENT,"Las Vegas, Nevada",The Joint - Hard Rock Hotel & Casino
UFC® 60,Hughes vs. Gracie,,,2006-05-27T00:00:00Z,POST_EVENT,"Los Angeles, California",Staples Center
UFC® 59,Reality Check,,,2006-04-15T00:00:00Z,POST_EVENT,"Anaheim, CA",Honda Center
UFC® Fight Night™,4,,,2006-04-06T00:00:00Z,POST_EVENT,"Las Vegas, Nevada",The Joint - Hard Rock Hotel & Casino
UFC® 58,USA vs. Canada,,,2006-03-04T00:00:00Z,POST_EVENT,"Las Vegas, NV",Mandalay Bay Events Center
UFC® 57,Liddell vs Couture 3,,,2006-02-04T00:00:00Z,POST_EVENT,"Las Vegas, NV",Mandalay Bay Events Center
UFC® Fight Night™,3,,,2006-01-16T00:00:00Z,POST_EVENT,"Las Vegas, Nevada",The Joint - Hard Rock Hotel & Casino
UFC® 56,Full Force,,,2005-11-19T00:00:00Z,POST_EVENT,"Las Vegas, Nevada",MGM Grand Garden Arena
The Ultimate Fighter® 2,Finale,,,2005-11-05T00:00:00Z,POST_EVENT,"Las Vegas, Nevada",The Joint - Hard Rock Hotel & Casino
UFC® 55,Fury,,,2005-10-07T00:00:00Z,POST_EVENT,"Uncasville, Connecticut",Mohegan Sun Arena
UFC® Fight Night™,2,,,2005-10-03T00:00:00Z,POST_EVENT,"Las Vegas, Nevada",The Joint - Hard Rock Hotel & Casino
UFC® 54,Boiling Point,,,2005-08-20T00:00:00Z,POST_EVENT,"Las Vegas, Nevada",MGM Grand Garden Arena
UFC® Fight Night™,1,,,2005-08-06T00:00:00Z,POST_EVENT,"Las Vegas, Nevada","Cox Pavillion, UNLV Campus"
UFC® 53,Heavy Hitters,,,2005-06-04T00:00:00Z,POST_EVENT,"Atlantic City, N.J.",Atlantic City Boardwalk Hall
UFC® 52,Couture vs Liddell II,,,2005-04-16T00:00:00Z,POST_EVENT,"Las Vegas, Nevada",MGM Grand Garden Arena
The Ultimate Fighter® 1,Finale,,,2005-04-09T00:00:00Z,POST_EVENT,"Las Vegas, Nevada","Cox Pavillion, UNLV Campus"
UFC® 51,Super Saturday,,,2005-02-05T00:00:00Z,POST_EVENT,"Las Vegas, NV",Mandalay Bay Events Center
UFC® 50,The War of 04,,,2004-10-22T00:00:00Z,POST_EVENT,"Atlantic City, N.J.",Atlantic City Boardwalk Hall
UFC® 49,Unfinished Business,,,2004-08-21T00:00:00Z,POST_EVENT,"Las Vegas, NV",Mandalay Bay Events Center
UFC® 48,Payback,,,2004-06-19T00:00:00Z,POST_EVENT,"Las Vegas, NV",Mandalay Bay Events Center
UFC® 47,IT'S ON,,,2004-04-02T00:00:00Z,POST_EVENT,"Las Vegas, NV",Mandalay Bay Events Center
UFC® 46,Super Natural,,,2004-01-31T00:00:00Z,POST_EVENT,"Las Vegas, NV",Mandalay Bay Events Center
UFC® 45,Revolution,,,2003-11-21T00:00:00Z,POST_EVENT,"Uncasville, Connecticut",Mohegan Sun Arena
UFC® 44,Undisputed,,,2003-09-26T00:00:00Z,POST_EVENT,"Las Vegas, NV",Mandalay Bay Events Center
UFC® 43,Meltdown,,,2003-06-06T00:00:00Z,POST_EVENT,"Las Vegas, Nevada",Thomas & Mack Center
UFC® 42,Sudden Impact,,,2003-04-25T00:00:00Z,POST_EVENT,"Miami, Florida",American Airlines Arena
UFC® 41,Onslaught,,,2003-02-28T00:00:00Z,POST_EVENT,"Atlantic City, N.J.",Atlantic City Boardwalk Hall
UFC® 40,Vendetta,,,2002-11-22T00:00:00Z,POST_EVENT,"Las Vegas, Nevada",MGM Grand Garden Arena
UFC® 39,The Warriors Return,,,2002-09-27T00:00:00Z,POST_EVENT,"Uncasville, Connecticut",Mohegan Sun Arena
UFC® 38,Brawl At The Hall,,,2002-07-13T00:00:00Z,POST_EVENT,"London, United Kingdom",Royal Albert Hall
UFC® 37.5,As Real As It Gets®,,,2002-06-22T00:00:00Z,POST_EVENT,"Las Vegas, NV",Bellagio Hotel & Casino
UFC® 37,High Impact,,,2002-05-10T00:00:00Z,POST_EVENT,"Bossier City, Louisana",Centurytel Center
UFC® 36,Worlds Collide,,,2002-03-22T00:00:00Z,POST_EVENT,"Las Vegas, Nevada",MGM Grand Garden Arena
UFC® 35,Throwdown,,,2002-01-11T00:00:00Z,POST_EVENT,"Uncasville, Connecticut",Mohegan Sun Arena
UFC® 34,High Voltage,,,2001-11-02T00:00:00Z,POST_EVENT,"Las Vegas, Nevada",MGM Grand Garden Arena
UFC® 33,Victory In Vegas,,,2001-09-28T00:00:00Z,POST_EVENT,"Las Vegas, NV",Mandalay Bay Events Center
UFC® 32,Showdown In The Meadowlands,,,2001-06-29T00:00:00Z,POST_EVENT,"East Rutherford, New Jersey",Continental Airlines Arena
UFC® 31,Locked & Loaded,,,2001-05-04T00:00:00Z,POST_EVENT,"Atlantic City, New Jersey",Trump Taj Mahal
UFC® 30,The Battle On The Boardwalk,,,2001-02-23T00:00:00Z,POST_EVENT,"Atlantic City, New Jersey",Trump Taj Mahal
UFC® 29,Defense Of The Belts,,,2000-12-16T00:00:00Z,POST_EVENT,,Tokyo
UFC® 28,High Stakes,,,2000-11-17T00:00:00Z,POST_EVENT,"Atlantic City, New Jersey",Trump Taj Mahal
UFC® 27,Ultimate Bad Boyz,,,2000-09-22T00:00:00Z,POST_EVENT,"New Orleans, Louisiana",Lake Front Arena
UFC® 26,Ultimate Field Of Dreams,,,2000-06-09T00:00:00Z,POST_EVENT,"Cedar Rapids, Iowa",Five Seasons Events Center
UFC® 25,Ultimate Japan 3,,,2000-04-14T00:00:00Z,POST_EVENT,,Tokyo
UFC® 24,First Defense,,,2000-03-10T00:00:00Z,POST_EVENT,"Lake Charles, Louisiana",Lake Charles Civic Center
UFC® 23,Ultimate Japan 2,,,1999-11-19T00:00:00Z,POST_EVENT,,Tokyo
UFC® 22,There Can Be Only One Champion,,,1999-09-24T00:00:00Z,POST_EVENT,"Lake Charles, Louisiana",Lake Charles Civic Center
UFC® 21,Return Of The Champions,,,1999-07-16T00:00:00Z,POST_EVENT,"Cedar Rapids, Iowa",Five Seasons Events Center
UFC® 20,Battle For The Gold,,,1999-05-07T00:00:00Z,POST_EVENT,"Birmingham, Alabama",Boutwell Auditorium
UFC® 19,Young Guns,,,1999-03-05T00:00:00Z,POST_EVENT,"St. Louis, Mississippi",Casino Magic Bay
UFC® 18,Road To The Heavyweight Title,,,1999-01-08T00:00:00Z,POST_EVENT,"New Orleans, Louisiana",Pontchartrain Center
Ultimate ,Brazil,,,1998-10-16T00:00:00Z,POST_EVENT,,Sao Paulo
UFC® 17,Redemption,,,1998-05-15T00:00:00Z,POST_EVENT,"Mobile, Alabama",Mobile Civic Center
UFC® 16,Battle In The Bayou,,,1998-03-13T00:00:00Z,POST_EVENT,"New Orleans, Louisiana",Pontchartrain Center
UFC® Japan,Ultimate Japan,,,1997-12-21T00:00:00Z,POST_EVENT,,Yokohama Arena
UFC® 15,Collision Course,,,1997-10-17T00:00:00Z,POST_EVENT,"St. Louis, Mississippi",Casino Magic Bay
UFC® 14,Showdown,,,1997-07-27T00:00:00Z,POST_EVENT,"Birmingham, Alabama",Boutwell Auditorium
UFC® 13,The Ultimate Force,,,1997-05-30T00:00:00Z,POST_EVENT,"Augusta, Georgia",Augusta Civic Center
UFC® 12, Judgement Day,,,1997-02-07T00:00:00Z,POST_EVENT,"Dothan, AL",Dothan Civic Center
Ultimate Ultimate 96, _,,,1996-12-07T00:00:00Z,POST_EVENT,"Birmingham, Alabama",State Fair Arena
UFC® 11,The Proving Ground,,,1996-09-20T00:00:00Z,POST_EVENT,"Augusta, Georgia",Augusta Civic Center
UFC® 10,The Tournament,,,1996-07-12T00:00:00Z,POST_EVENT,"Birmingham, Alabama",State Fair Arena
UFC® 9,Motor City Madness,,,1996-05-17T00:00:00Z,POST_EVENT,"Detroit, Michigan",Cobo Arena
UFC® 8,David vs Goliath,,,1996-02-16T00:00:00Z,POST_EVENT,,Ruben Rodriguez Coliseum
Ultimate Ultimate 95,_,,,1995-12-16T00:00:00Z,POST_EVENT,"Denver, Colorado",Mammoth Gardens
UFC® 7,The Brawl In Buffalo,,,1995-09-08T00:00:00Z,POST_EVENT,"Buffalo, New York",Buffalo Memorial Auditorium
UFC® 6,Clash Of The Titans,,,1995-07-14T00:00:00Z,POST_EVENT,"Casper, Wyoming",Casper Events Center
UFC® 5,Return Of The Beast,,,1995-04-07T00:00:00Z,POST_EVENT,"Charlotte, North Carolina",Independence Arena
UFC® 4,Revenge Of The Warriors,,,1994-12-16T00:00:00Z,POST_EVENT,"Tulsa, Oklahoma",Expo Square Pavilion
UFC® 3,The American Dream,,,1994-09-09T00:00:00Z,POST_EVENT,"Charlotte, North Carolina",Independence Arena
UFC® 2,No Way Out,,,1994-03-11T00:00:00Z,POST_EVENT,"Denver, Colorado",Mammoth Gardens
UFC® 1,The Beginning,,,1993-11-12T00:00:00Z,POST_EVENT,"Denver, Colorado",McNichols Arena
