first_name,last_name,wins,losses,draws,weight_class,title_holder,fighter_status
Cris,Cyborg,20.0,1.0,0.0,Women_Featherweight,True,Active
Nicco,Montano,5.0,2.0,0.0,Women_Flyweight,True,Active
Demetrious,Johnson,27.0,2.0,1.0,Flyweight,True,Active
TJ,Dillashaw,16.0,3.0,0.0,Bantamweight,True,Active
Max,Holloway,19.0,3.0,0.0,Featherweight,True,Active
Khabib,Nurmagomedov,26.0,0.0,0.0,Lightweight,True,Active
Tyron,Woodley,18.0,3.0,1.0,Welterweight,True,Active
Robert,Whittaker,21.0,4.0,0.0,Middleweight,True,Active
Daniel,Cormier,20.0,1.0,0.0,Light_Heavyweight,True,Active
Stipe,Miocic,18.0,2.0,0.0,Heavyweight,True,Active
Rose,Namajunas,9.0,3.0,0.0,Women_Strawweight,True,Active
Amanda,Nunes,16.0,4.0,0.0,Women_Bantamweight,True,Active
Gilbert,Melendez,22.0,7.0,0.0,Lightweight,False,Active
Court,McGee,19.0,6.0,1.0,Welterweight,False,Active
Paddy,Holohan,12.0,2.0,1.0,Flyweight,False,NotFighting
Justin,Willis,6.0,1.0,0.0,Heavyweight,False,Active
Mara,Romero Borella,12.0,5.0,0.0,Women_Flyweight,False,Active
JJ,Aldrich,6.0,2.0,0.0,Women_Strawweight,False,Active
Kalindra,Faria,18.0,7.0,1.0,,False,Active
Ricky,Rainey,13.0,5.0,0.0,Welterweight,False,Active
Tim,Kennedy,18.0,6.0,0.0,Middleweight,False,NotFighting
Brad,Tavares,17.0,5.0,0.0,Middleweight,False,Active
Pedro,Munhoz,15.0,3.0,0.0,Bantamweight,False,Active
Larissa,Pacheco,10.0,2.0,0.0,Women_Bantamweight,False,Active
Ashley,Yoder,5.0,4.0,0.0,Women_Strawweight,False,Active
Matt,Hughes,46.0,9.0,0.0,Welterweight,False,NotFighting
Kyle,Noke,22.0,10.0,1.0,Welterweight,False,NotFighting
Paul,Felder,15.0,3.0,0.0,Lightweight,False,Active
Joshua,Stansbury,8.0,5.0,0.0,Light_Heavyweight,False,Active
Desmond,Green,21.0,7.0,0.0,Lightweight,False,Active
Jason,Saggo,12.0,4.0,0.0,Lightweight,False,Active
Cynthia,Calvillo,6.0,1.0,0.0,Women_Strawweight,False,Active
Dan,Moret,13.0,5.0,0.0,Lightweight,False,Active
Cain,Velasquez,14.0,2.0,0.0,Heavyweight,False,Active
Alistair,Overeem,43.0,17.0,0.0,Heavyweight,False,Active
Jessica,Aguilar,19.0,6.0,0.0,Women_Strawweight,False,Active
Jamie,Moyle,4.0,2.0,0.0,Women_Strawweight,False,Active
Daniel,Spitz,6.0,2.0,0.0,Heavyweight,False,Active
Dan,Hooker,17.0,7.0,0.0,Lightweight,False,Active
Elias,Urbina,3.0,1.0,0.0,Light_Heavyweight,False,Active
Nadia,Kassem,5.0,0.0,0.0,Women_Strawweight,False,Active
Chris,Camozzi,24.0,13.0,0.0,Middleweight,False,Active
Khalil,Rountree Jr.,7.0,2.0,0.0,Light_Heavyweight,False,Active
Cindy,Dandois,8.0,3.0,0.0,Women_Bantamweight,False,Active
Nasrat,Haqparast,8.0,2.0,0.0,Lightweight,False,Active
Mitch,Clarke,11.0,5.0,0.0,Lightweight,False,Active
Ilir,Latifi,15.0,5.0,0.0,Light_Heavyweight,False,Active
Tonya,Evinger,19.0,6.0,0.0,Women_Featherweight,False,Active
Andre,Soukhamthath,12.0,6.0,0.0,Bantamweight,False,Active
Sheymon,Moraes,9.0,1.0,0.0,Featherweight,False,Active
Dong Hyun,Kim,22.0,4.0,1.0,Welterweight,False,Active
Michal,Oleksiejczuk,13.0,2.0,0.0,Light_Heavyweight,False,Active
Nathaniel,Wood,14.0,3.0,0.0,Bantamweight,False,Active
Luan,Chagas,15.0,2.0,1.0,Welterweight,False,Active
Salim,Touahri,10.0,2.0,0.0,Welterweight,False,Active
Josh,Emmett,13.0,2.0,0.0,Featherweight,False,Active
Cung,Le,9.0,3.0,0.0,Middleweight,False,NotFighting
Holly,Holm,12.0,4.0,0.0,Women_Featherweight,False,Active
Don,Madge,7.0,1.0,0.0,Lightweight,False,Active
Andrei,Arlovski,27.0,16.0,0.0,Heavyweight,False,Active
Ryan,Benoit,10.0,5.0,0.0,Flyweight,False,Active
Arnold,Allen,13.0,1.0,0.0,Featherweight,False,Active
Said,Nurmagomedov,11.0,1.0,0.0,Flyweight,False,Active
Davi,Ramos,8.0,2.0,0.0,Lightweight,False,Active
Jennifer,Maia,15.0,4.0,1.0,Women_Flyweight,False,Active
Sarah,Moras,5.0,4.0,0.0,Women_Bantamweight,False,Active
Jose,Aldo,26.0,4.0,0.0,Featherweight,False,Active
Marcelo,Guimaraes,9.0,2.0,1.0,Middleweight,False,Active
Renato,Moicano,12.0,1.0,1.0,Featherweight,False,Active
Deiveson,Figueiredo,14.0,0.0,0.0,Flyweight,False,Active
Vitor,Belfort,26.0,14.0,0.0,Middleweight,False,Active
Gina,Mazany,5.0,2.0,0.0,Women_Bantamweight,False,Active
Jordan,Rinaldi,13.0,6.0,0.0,Lightweight,False,Active
Darko,Stosic,12.0,1.0,0.0,Lightweight,False,Active
Hacran,Dias,23.0,6.0,1.0,Lightweight,False,Active
Roxanne,Modafferi,21.0,15.0,0.0,Women_Flyweight,False,Active
Lucie,Pudilova,8.0,2.0,0.0,Women_Bantamweight,False,Active
Hector,Aldana,4.0,0.0,0.0,Welterweight,False,Active
Julianna,Peña,9.0,3.0,0.0,Women_Bantamweight,False,Active
Magomed,Bibulatov,14.0,1.0,0.0,Flyweight,False,Active
Marcelo,Golm,6.0,1.0,0.0,Heavyweight,False,Active
Petr,Yan,8.0,1.0,0.0,Welterweight,False,Active
Rich,Franklin,29.0,7.0,0.0,Middleweight,False,NotFighting
Mark,Munoz,14.0,6.0,0.0,Middleweight,False,NotFighting
Mark,Hunt,13.0,12.0,1.0,Heavyweight,False,Active
Raquel,Pennington,9.0,7.0,0.0,Women_Bantamweight,False,Active
Tae Hyun,Bang,18.0,10.0,0.0,Lightweight,False,Active
Raoni,Barcelos,11.0,1.0,0.0,Bantamweight,False,Active
Kevin,Holland,13.0,3.0,0.0,Middleweight,False,Active
Duane,Ludwig,29.0,14.0,0.0,Welterweight,False,NotFighting
Mairbek,Taisumov,26.0,5.0,0.0,Lightweight,False,Active
Will,Santiago,9.0,5.0,0.0,Middleweight,False,Active
Jack,Hermansson,17.0,4.0,0.0,Middleweight,False,Active
Pearl,Gonzalez,6.0,2.0,0.0,Women_Strawweight,False,Active
Montel,Jackson,6.0,0.0,0.0,Bantamweight,False,Active
Royce,Gracie,13.0,2.0,2.0,Middleweight,False,NotFighting
Dennis,Bermudez,17.0,8.0,0.0,Featherweight,False,Active
Wilson,Reis,22.0,9.0,0.0,Flyweight,False,Active
Rico,DiSciullo,9.0,2.0,0.0,Bantamweight,False,Active
Patrick,Cummins,10.0,4.0,0.0,Light_Heavyweight,False,Active
Greg,Hardy,1.0,0.0,0.0,Heavyweight,False,Active
John,Dodson,21.0,9.0,0.0,Bantamweight,False,Active
Jessin,Ayari,16.0,4.0,0.0,Welterweight,False,Active
Austen,Lane,4.0,1.0,0.0,Heavyweight,False,Active
Bryan,Caraway,21.0,9.0,0.0,Bantamweight,False,Active
Derrick,Lewis,19.0,5.0,0.0,Heavyweight,False,Active
Rob,Font,15.0,3.0,0.0,Bantamweight,False,Active
Joanne,Calderwood,11.0,3.0,0.0,Women_Strawweight,False,Active
Emil,Meek,9.0,2.0,1.0,Welterweight,False,Active
Ashkan,Mokhtarian,13.0,3.0,0.0,Flyweight,False,Active
Sean,Lally,8.0,3.0,0.0,Welterweight,False,Active
Alex,Chambers,5.0,4.0,0.0,Women_Strawweight,False,Active
Lyman,Good,19.0,4.0,0.0,Welterweight,False,Active
Belal,Muhammad,14.0,2.0,0.0,Welterweight,False,Active
Tom,Duquesnoy,15.0,2.0,0.0,Bantamweight,False,Active
Chris,Curtis,19.0,5.0,0.0,Welterweight,False,Active
CB,Dollaway,18.0,9.0,0.0,Middleweight,False,Active
Andrew,Holbrook,12.0,2.0,0.0,Lightweight,False,Active
Jonathan,Meunier,8.0,1.0,0.0,Welterweight,False,Active
Dashawn,Boatwright,3.0,1.0,0.0,Light_Heavyweight,False,Active
Edson ,Barboza,19.0,5.0,0.0,Lightweight,False,Active
Heather Jo,Clark,7.0,6.0,0.0,Women_Strawweight,False,Active
Devin,Clark,9.0,2.0,0.0,Light_Heavyweight,False,Active
Alan,Patrick,15.0,1.0,0.0,Lightweight,False,Active
Aisling,Daly,16.0,5.0,0.0,Women_Strawweight,False,NotFighting
Matthew,Lopez,10.0,4.0,0.0,Bantamweight,False,Active
Blagoy,Ivanov,16.0,1.0,1.0,Heavyweight,False,Active
Matt,Brown,23.0,16.0,0.0,Welterweight,False,Active
Pascal,Krauss,11.0,2.0,0.0,Welterweight,False,Active
Jimmie,Rivera,21.0,2.0,0.0,Bantamweight,False,Active
Naoki,Inoue,11.0,0.0,0.0,Flyweight,False,Active
Chris,De La Rocha,5.0,2.0,0.0,Heavyweight,False,Active
Joe,Proctor,11.0,5.0,0.0,Welterweight,False,Active
Carla,Esparza,14.0,5.0,0.0,Women_Strawweight,False,Active
Will,Brooks,18.0,4.0,0.0,Lightweight,False,Active
Marlon,Moraes,21.0,5.0,1.0,Bantamweight,False,Active
Gilbert,Burns,14.0,2.0,0.0,Lightweight,False,Active
Felice,Herrig,14.0,7.0,0.0,Women_Strawweight,False,Active
Jared,Gordon,14.0,2.0,0.0,Lightweight,False,Active
Merab,Dvalishvili,7.0,3.0,0.0,Bantamweight,False,Active
Muslim,Salikhov,14.0,2.0,0.0,Welterweight,False,Active
Steve,Bosse,12.0,2.0,0.0,Light_Heavyweight,False,Active
Myles,Jury,17.0,2.0,0.0,Featherweight,False,Active
Marvin,Vettori,12.0,4.0,1.0,Middleweight,False,Active
Luke,Jumeau,13.0,4.0,0.0,Welterweight,False,Active
Siyar,Bahadurzada,23.0,6.0,1.0,Welterweight,False,Active
Angela,Hill,8.0,4.0,0.0,Women_Strawweight,False,Active
Teemu,Packalen,8.0,2.0,0.0,Lightweight,False,Active
Lando,Vannata,9.0,2.0,1.0,Lightweight,False,Active
Dominique,Steele,14.0,9.0,0.0,Welterweight,False,Active
Rashad,Coulter,8.0,4.0,0.0,Heavyweight,False,Active
Neil,Seery,16.0,13.0,0.0,Flyweight,False,Active
Justine,Kish,6.0,2.0,0.0,Women_Flyweight,False,Active
Cortney,Casey,7.0,5.0,0.0,Women_Strawweight,False,Active
Jesse,Taylor,32.0,15.0,0.0,Middleweight,False,Active
Craig,White,14.0,8.0,0.0,Welterweight,False,Active
Randa,Markos,8.0,6.0,0.0,Women_Strawweight,False,Active
Nick,Diaz,26.0,10.0,0.0,Middleweight,False,Active
Dan,Hardy,25.0,10.0,0.0,Welterweight,False,Active
Reza,Madadi,14.0,6.0,0.0,Lightweight,False,Active
Michel,Prazeres,25.0,2.0,0.0,Welterweight,False,Active
Nick,Hein,14.0,3.0,0.0,Lightweight,False,Active
Jessica,Penne,12.0,6.0,0.0,Women_Strawweight,False,Active
Aspen,Ladd,6.0,0.0,0.0,Women_Bantamweight,False,Active
Molly,McCann,7.0,2.0,0.0,Women_Flyweight,False,Active
Jon,Jones,23.0,1.0,0.0,Light_Heavyweight,False,Active
James,Vick,13.0,1.0,0.0,Lightweight,False,Active
Bec,Rawlings,7.0,8.0,0.0,Women_Flyweight,False,Active
CM,Punk,0.0,2.0,0.0,Welterweight,False,Active
Justin,Gaethje,18.0,2.0,0.0,Lightweight,False,Active
Carlo,Pedersoli,11.0,1.0,0.0,Welterweight,False,Active
Al,Iaquinta,13.0,4.0,1.0,Lightweight,False,Active
Tecia,Torres,10.0,2.0,0.0,Women_Strawweight,False,Active
Frankie,Perez,10.0,4.0,0.0,Lightweight,False,Active
Oliver,Enkamp,7.0,1.0,0.0,Welterweight,False,Active
Vinc,Pichel,11.0,2.0,0.0,Lightweight,False,Active
John ,Makdessi,15.0,6.0,0.0,Lightweight,False,Active
Michael,Chiesa,14.0,3.0,0.0,Lightweight,False,Active
Katlyn,Chookagian,10.0,1.0,0.0,Women_Flyweight,False,Active
Georges,St-Pierre,26.0,2.0,0.0,Middleweight,False,Active
Daniel,Omielanczuk,19.0,8.0,1.0,Heavyweight,False,Active
Chase,Sherman,11.0,4.0,0.0,Heavyweight,False,Active
Tai,Tuivasa,10.0,0.0,0.0,Heavyweight,False,Active
Dooho,Choi,14.0,2.0,0.0,Featherweight,False,Active
Justin,Ledet,9.0,0.0,0.0,Heavyweight,False,Active
Jessica-Rose,Clark,9.0,4.0,0.0,Women_Flyweight,False,Active
Ian,McCall,13.0,5.0,1.0,Flyweight,False,Active
Markus,Perez,10.0,1.0,0.0,Middleweight,False,Active
Mike,Brown,26.0,9.0,0.0,Featherweight,False,NotFighting
Sean,Pierson,14.0,6.0,0.0,Welterweight,False,NotFighting
Song,Kenan,13.0,4.0,0.0,Welterweight,False,Active
Wuliji,Buren,10.0,5.0,0.0,Featherweight,False,Active
Jose,Torres,8.0,0.0,0.0,Flyweight,False,Active
Pingyuan,Liu,10.0,5.0,0.0,Bantamweight,False,Active
Chance,Rencountre,12.0,3.0,0.0,Welterweight,False,Active
Jim,Miller,28.0,11.0,0.0,Lightweight,False,Active
Alexandra,Albu,7.0,0.0,0.0,Women_Strawweight,False,Active
Russell,Doane,15.0,8.0,0.0,Bantamweight,False,Active
Amanda,Ribas,6.0,1.0,0.0,Women_Strawweight,False,Active
Bharat,Kandare,5.0,3.0,0.0,Bantamweight,False,Active
Dongi,Yang,12.0,3.0,0.0,Middleweight,False,NotFighting
Mitch,Gagnon,12.0,4.0,0.0,Bantamweight,False,Active
Zubaira,Tukhugov,18.0,4.0,0.0,Featherweight,False,Active
Wang,Guan,20.0,1.0,1.0,Featherweight,False,Active
Dan,Henderson,32.0,15.0,0.0,Middleweight,False,NotFighting
Shawn,Jordan,18.0,7.0,0.0,Heavyweight,False,NotFighting
Junior,Dos Santos,18.0,5.0,0.0,Heavyweight,False,Active
Brian,Kelleher,19.0,9.0,0.0,Bantamweight,False,Active
Nick,Catone,10.0,4.0,0.0,Middleweight,False,NotFighting
Shamil,Abdurakhimov,18.0,4.0,0.0,Heavyweight,False,Active
Tiequan,Zhang,18.0,4.0,0.0,Lightweight,False,Active
Magnus,Cedenblad,14.0,5.0,0.0,Middleweight,False,Active
Rafael,Dos Anjos,28.0,10.0,0.0,Welterweight,False,Active
Christian,Colombo,8.0,3.0,1.0,Heavyweight,False,Active
Patrick,Cote,24.0,11.0,0.0,Welterweight,False,NotFighting
Sean,Strickland,19.0,3.0,1.0,Welterweight,False,Active
Joe,Duffy,16.0,3.0,0.0,Lightweight,False,Active
Hector,Sandoval,14.0,4.0,0.0,Flyweight,False,Active
Ruslan,Magomedov,14.0,1.0,0.0,Heavyweight,False,Active
Felipe,Silva,8.0,2.0,0.0,Lightweight,False,Active
Adam,Wieczorek,10.0,1.0,0.0,Heavyweight,False,Active
Ryan,Janes,10.0,3.0,0.0,Middleweight,False,Active
Azamat,Murzakanov,7.0,0.0,0.0,Light_Heavyweight,False,Active
Tina,Lahdemaki,5.0,1.0,0.0,Women_Strawweight,False,Active
Junior,Albini,14.0,4.0,0.0,Heavyweight,False,Active
Chanmi,Jeon,5.0,2.0,0.0,Women_Strawweight,False,Active
Johnny,Case,22.0,6.0,0.0,Lightweight,False,Active
Ji Yeon,Kim,7.0,1.0,2.0,Women_Flyweight,False,Active
Dustin,Poirier,23.0,5.0,0.0,Lightweight,False,Active
Michael,Johnson,18.0,12.0,0.0,Lightweight,False,Active
Forrest,Griffin,19.0,7.0,0.0,Light_Heavyweight,False,NotFighting
James,Mulheron,11.0,2.0,0.0,Heavyweight,False,Active
Shane,Young,11.0,4.0,0.0,Featherweight,False,Active
Stephan,Bonnar,17.0,8.0,0.0,Light_Heavyweight,False,NotFighting
Diego,Sanchez,29.0,11.0,0.0,Lightweight,False,Active
Joseph,Benavidez,25.0,5.0,0.0,Flyweight,False,Active
Misha,Cirkunov,13.0,4.0,0.0,Light_Heavyweight,False,Active
Joaquim,Silva,10.0,1.0,0.0,Lightweight,False,Active
Rolando,Dy,9.0,6.0,1.0,Featherweight,False,Active
John,Hathaway,17.0,2.0,0.0,Welterweight,False,Active
John,Lineker,31.0,8.0,0.0,Bantamweight,False,Active
Max,Griffin,14.0,4.0,0.0,Welterweight,False,Active
Frank,Camacho,21.0,6.0,0.0,Lightweight,False,Active
James,Krause,23.0,8.0,0.0,Lightweight,False,Active
Jake,Matthews,13.0,3.0,0.0,Welterweight,False,Active
Megan,Anderson,8.0,3.0,0.0,Women_Featherweight,False,Active
Jessica,Andrade,18.0,6.0,0.0,Women_Strawweight,False,Active
Timothy,Johnson,12.0,4.0,0.0,Heavyweight,False,Active
Jeremy,Kennedy,11.0,1.0,0.0,Featherweight,False,Active
Greg,Rebello,24.0,8.0,0.0,Heavyweight,False,Active
Omari,Akhmedov,17.0,4.0,1.0,Middleweight,False,Active
Zu,Anyanwu,14.0,5.0,0.0,Heavyweight,False,Active
Stephen,Thompson,14.0,3.0,1.0,Welterweight,False,Active
Walt,Harris,11.0,7.0,0.0,Heavyweight,False,Active
Olivier,Aubin-Mercier,12.0,2.0,0.0,Lightweight,False,Active
Ulka,Sasaki,20.0,5.0,2.0,Flyweight,False,Active
Thomas,Almeida,22.0,3.0,0.0,Bantamweight,False,Active
Charles,Byrd,9.0,4.0,0.0,Middleweight,False,Active
Jimmy,Wallhead,29.0,11.0,0.0,Welterweight,False,Active
Justin,Jones,9.0,2.0,0.0,Middleweight,False,Active
Tom,Lawlor,10.0,6.0,0.0,Light_Heavyweight,False,Active
Kajan,Johnson,22.0,12.0,1.0,Lightweight,False,Active
Nina,Ansaroff,8.0,5.0,0.0,Women_Strawweight,False,Active
Danielle,Taylor,9.0,3.0,0.0,Women_Strawweight,False,Active
Manny,Vazquez,11.0,2.0,0.0,Flyweight,False,Active
Song,Yadong ,12.0,3.0,0.0,Bantamweight,False,Active
Chris,Leben,22.0,11.0,0.0,Middleweight,False,NotFighting
Chad,Laprise,14.0,3.0,0.0,Welterweight,False,Active
Leon,Edwards,15.0,3.0,0.0,Welterweight,False,Active
Ketlen,Vieira,10.0,0.0,0.0,Women_Bantamweight,False,Active
Joby,Sanchez,11.0,3.0,0.0,Flyweight,False,Active
Hu,Yaozong,3.0,1.0,0.0,Heavyweight,False,Active
Kenny,Florian,16.0,6.0,0.0,Featherweight,False,NotFighting
Joachim,Christensen,14.0,6.0,0.0,Light_Heavyweight,False,Active
Matt,Bessette,22.0,8.0,0.0,Featherweight,False,Active
Tim,Means,27.0,10.0,1.0,Welterweight,False,Active
Daniel,Kelly,13.0,4.0,0.0,Middleweight,False,Active
Kurt,Holobaugh,17.0,4.0,0.0,Featherweight,False,Active
Opponent,TBD,,,,Middleweight,False,Active
Bryan,Barberena,13.0,5.0,0.0,Welterweight,False,Active
Boston,Salmon,6.0,1.0,0.0,Bantamweight,False,Active
Mike,Swick,15.0,6.0,0.0,Welterweight,False,NotFighting
Krzysztof,Soszynski,22.0,13.0,1.0,Light_Heavyweight,False,NotFighting
Norifumi,Yamamoto,18.0,6.0,0.0,Bantamweight,False,Active
Ricky,Turcios,8.0,0.0,0.0,Bantamweight,False,Active
Daniel,Spohn,16.0,5.0,0.0,Light_Heavyweight,False,Active
Nordine,Taleb,14.0,5.0,0.0,Welterweight,False,Active
Mike,Rodriguez,9.0,3.0,0.0,Light_Heavyweight,False,Active
Paul,Taylor,11.0,6.0,1.0,Lightweight,False,NotFighting
Elias,Theodorou,16.0,2.0,0.0,Middleweight,False,Active
CJ,Hamilton,11.0,5.0,0.0,Flyweight,False,Active
Dennis,Siver,23.0,11.0,0.0,Featherweight,False,Active
Glover,Teixeira,27.0,6.0,0.0,Light_Heavyweight,False,Active
Charles,Rosa,11.0,3.0,0.0,Featherweight,False,Active
Casey ,Kenney,7.0,1.0,1.0,Flyweight,False,Active
Sheldon,Westcott,10.0,3.0,1.0,Welterweight,False,Active
Alfred ,Khashakyan,8.0,4.0,0.0,Bantamweight,False,Active
Matt,Grice,15.0,5.0,0.0,Featherweight,False,NotFighting
Maryna,Moroz,8.0,3.0,0.0,Women_Strawweight,False,Active
Lina,Lansberg,8.0,3.0,0.0,Women_Bantamweight,False,Active
Thanh ,Le,7.0,1.0,0.0,Featherweight,False,Active
Ronda,Rousey,12.0,2.0,0.0,Women_Bantamweight,False,Active
Sage,Northcutt,10.0,2.0,0.0,Lightweight,False,Active
Lazar ,Stojadinovic,12.0,6.0,0.0,Featherweight,False,Active
Rashad,Evans,24.0,8.0,1.0,Light_Heavyweight,False,Active
Luke,Rockhold,16.0,4.0,0.0,Middleweight,False,Active
Islam,Makhachev,15.0,1.0,0.0,Lightweight,False,Active
Mizuto,Hirota,19.0,9.0,2.0,Lightweight,False,Active
Gregor,Gillespie,12.0,0.0,0.0,Lightweight,False,Active
Sidney,Outlaw,9.0,4.0,0.0,Welterweight,False,Active
Urijah,Faber,34.0,10.0,0.0,Bantamweight,False,NotFighting
Joshua,Burkman,29.0,17.0,0.0,Welterweight,False,Active
Ronaldo,Souza,25.0,6.0,0.0,Middleweight,False,Active
Krzysztof,Jotko,19.0,5.0,0.0,Middleweight,False,Active
Teruto,Ishihara,11.0,5.0,2.0,Bantamweight,False,Active
Michael,Cora,4.0,2.0,0.0,Welterweight,False,Active
Carlos,Condit,30.0,12.0,0.0,Welterweight,False,Active
Sergio,Pettis,17.0,3.0,0.0,Flyweight,False,Active
Ryan,Spann,10.0,5.0,0.0,Light_Heavyweight,False,Active
Matt,Sayles,6.0,1.0,0.0,Featherweight,False,Active
Miesha,Tate,18.0,7.0,0.0,Women_Bantamweight,False,NotFighting
Kiichi,Kunimoto,19.0,6.0,2.0,Welterweight,False,Active
Aleksei,Oleinik,56.0,11.0,1.0,Heavyweight,False,Active
Karl,Roberson,6.0,1.0,0.0,Middleweight,False,Active
Yazan,Hajeh,6.0,0.0,0.0,Featherweight,False,Active
Danny,Roberts,14.0,3.0,0.0,Welterweight,False,Active
Gabriel,Checco,10.0,2.0,0.0,Middleweight,False,Active
Anthony,Hernandez,6.0,0.0,0.0,Middleweight,False,Active
Cub,Swanson,25.0,8.0,0.0,Featherweight,False,Active
Adam,Khaliev,6.0,0.0,0.0,Welterweight,False,Active
Sam,Alvey,33.0,10.0,0.0,Light_Heavyweight,False,Active
Francis,Ngannou,11.0,2.0,0.0,Heavyweight,False,Active
Mike,Perry,11.0,3.0,0.0,Welterweight,False,Active
Chase,Waldon,11.0,3.0,0.0,Middleweight,False,Active
Jordan,Wright,9.0,0.0,0.0,Middleweight,False,Active
Alex,Garcia,15.0,4.0,0.0,Welterweight,False,Active
Claudio,Silva,11.0,1.0,0.0,Welterweight,False,Active
Alexa,Grasso,10.0,2.0,0.0,Women_Strawweight,False,Active
Alonzo,Menifield,7.0,0.0,0.0,Light_Heavyweight,False,Active
Giga,Chikadze,5.0,1.0,0.0,Featherweight,False,Active
Gegard,Mousasi,42.0,6.0,2.0,Middleweight,False,NotFighting
Luis,Henrique,10.0,4.0,0.0,Heavyweight,False,Active
Jason,Gonzalez,11.0,4.0,0.0,Lightweight,False,Active
Daniel,Jolly,5.0,3.0,0.0,Light_Heavyweight,False,Active
Andre,Fili,18.0,5.0,0.0,Featherweight,False,Active
Kevin,Lee,16.0,4.0,0.0,Lightweight,False,Active
Marcos Rogerio,De Lima,15.0,6.0,1.0,Light_Heavyweight,False,Active
Albert,Morales,7.0,4.0,1.0,Bantamweight,False,Active
Dan,Ige,9.0,2.0,0.0,Featherweight,False,Active
Emiliano,Sordi,16.0,6.0,0.0,Light_Heavyweight,False,Active
Jorge,Masvidal,32.0,13.0,0.0,Welterweight,False,Active
Nico,Musoke,13.0,5.0,0.0,Welterweight,False,Active
Tony,Martin,12.0,4.0,0.0,Lightweight,False,Active
Alex,Oliveira,18.0,4.0,1.0,Welterweight,False,Active
Luis,Gomez,4.0,1.0,0.0,Featherweight,False,Active
Dwight,Grant,7.0,1.0,0.0,Welterweight,False,Active
Stefan,Struve,32.0,10.0,0.0,Heavyweight,False,Active
Bartosz,Fabinski,13.0,2.0,0.0,Middleweight,False,NotFighting
Matheus,Nicolau,13.0,2.0,1.0,Flyweight,False,Active
Phillip,Hawes,4.0,2.0,0.0,Middleweight,False,Active
Tyler,Hill,6.0,1.0,0.0,Welterweight,False,Active
Eddie,Wineland,23.0,12.0,1.0,Bantamweight,False,Active
Gabriel,Gonzaga,17.0,11.0,0.0,Heavyweight,False,NotFighting
Alex,Caceres,13.0,11.0,0.0,Featherweight,False,Active
Rashid,Magomedov,20.0,2.0,0.0,Lightweight,False,Active
Karolina,Kowalkiewicz,12.0,2.0,0.0,Women_Strawweight,False,Active
Julian,Marquez,7.0,1.0,0.0,Middleweight,False,Active
Antonina,Shevchenko,6.0,0.0,0.0,Women_Flyweight,False,Active
Wanderlei,Silva,35.0,12.0,1.0,Light_Heavyweight,False,NotFighting
Dominick,Cruz,22.0,2.0,0.0,Bantamweight,False,Active
Ronaldo,Candido ,6.0,1.0,0.0,Flyweight,False,Active
Silvana,Juarez,6.0,2.0,0.0,Women_Flyweight,False,Active
Mats,Nilsson,11.0,4.0,1.0,Welterweight,False,NotFighting
Carlos,Candelario ,7.0,0.0,0.0,Flyweight,False,Active
Austin,Tweedy,8.0,2.0,0.0,Lightweight,False,Active
Adlan,Amagov,13.0,2.0,1.0,Welterweight,False,NotFighting
Dominick,Reyes,9.0,0.0,0.0,Light_Heavyweight,False,Active
Te,Edwards,6.0,1.0,0.0,Lightweight,False,Active
Brian,Stann,12.0,6.0,0.0,Middleweight,False,NotFighting
Conor,McGregor,21.0,3.0,0.0,Lightweight,False,Active
Amanda,Lemos,6.0,1.0,1.0,Women_Bantamweight,False,Active
Rachael,Ostovich,4.0,3.0,0.0,Women_Flyweight,False,Active
Martin,Buschkamp,9.0,0.0,0.0,Featherweight,False,Active
Aleksandar,Rakic,8.0,1.0,0.0,Light_Heavyweight,False,Active
Oscar,Cota,10.0,1.0,0.0,Heavyweight,False,Active
Veronica,Macedo,5.0,2.0,1.0,Women_Flyweight,False,Active
James,Bochnovic,8.0,3.0,0.0,Middleweight,False,Active
Jamall,Emmers,13.0,4.0,0.0,Featherweight,False,Active
Trevin,Giles,11.0,0.0,0.0,Middleweight,False,Active
Sijara,Eubanks,4.0,2.0,0.0,Women_Flyweight,False,Active
Tim,Caron,9.0,2.0,0.0,Middleweight,False,Active
Derek,Brunson,18.0,6.0,0.0,Middleweight,False,Active
Cody,Stamann,17.0,1.0,0.0,Bantamweight,False,Active
Andrew,Todhunter,8.0,0.0,0.0,Middleweight,False,Active
Evan,Dunham,18.0,7.0,1.0,Lightweight,False,Active
Chris,Weidman,14.0,3.0,0.0,Middleweight,False,Active
Terrion,Ware,17.0,7.0,0.0,Bantamweight,False,Active
Angel,De Anda,18.0,6.0,0.0,Heavyweight,False,Active
Gillian,Robertson,5.0,2.0,0.0,,False,Active
Nick,Roehrick,7.0,1.0,0.0,Light_Heavyweight,False,Active
Montana,De La Rosa,8.0,4.0,0.0,Women_Flyweight,False,Active
Mark,Hominick,20.0,12.0,0.0,Featherweight,False,NotFighting
Tor,Troeng,16.0,7.0,1.0,Middleweight,False,NotFighting
Marcin,Held,23.0,7.0,0.0,Lightweight,False,Active
Kyler ,Phillips ,5.0,0.0,0.0,Bantamweight,False,Active
Michael,McBride,8.0,3.0,0.0,Lightweight,False,Active
Brandon ,Davis,9.0,4.0,0.0,Featherweight,False,Active
Barb,Honchak,10.0,4.0,0.0,Women_Flyweight,False,Active
Liz,Carmouche,10.0,6.0,0.0,Women_Flyweight,False,Active
Chas,Skelly,17.0,2.0,0.0,Featherweight,False,Active
James,Gray,4.0,2.0,0.0,Bantamweight,False,Active
Melinda,Fábián,4.0,3.0,2.0,Women_Flyweight,False,Active
Sam,Stout,21.0,12.0,1.0,Lightweight,False,NotFighting
Mirsad,Bektic,13.0,1.0,0.0,Featherweight,False,Active
Cheyden ,Leialoha,6.0,1.0,0.0,Bantamweight,False,Active
Shana,Dobson,3.0,3.0,0.0,Women_Flyweight,False,Active
TJ,Grant,21.0,5.0,0.0,Lightweight,False,NotFighting
Rick,Glenn,20.0,5.0,1.0,Featherweight,False,Active
Austin,Arnett,15.0,5.0,0.0,Featherweight,False,Active
Bethe,Correia,10.0,3.0,1.0,Women_Bantamweight,False,Active
Warlley,Alves,13.0,2.0,0.0,Welterweight,False,Active
Marc,Diakiese,12.0,2.0,0.0,Lightweight,False,Active
John,Castaneda ,14.0,2.0,0.0,Bantamweight,False,Active
Emily,Whitmire,2.0,2.0,0.0,Women_Strawweight,False,Active
Austin,Springer,10.0,3.0,0.0,Featherweight,False,Active
Ricardo,Lamas,18.0,7.0,0.0,Featherweight,False,Active
Tom,Gallicchio,19.0,11.0,0.0,Welterweight,False,Active
Yan,Xionan,8.0,1.0,0.0,Women_Strawweight,False,Active
Vitor,Miranda,13.0,6.0,0.0,Middleweight,False,Active
Jared,Cannonier,10.0,4.0,0.0,Light_Heavyweight,False,Active
Danny,Henry,11.0,2.0,0.0,Featherweight,False,Active
Weili,Zhang,16.0,1.0,0.0,Women_Strawweight,False,Active
Josh,Barnett,35.0,8.0,0.0,Heavyweight,False,Active
Raphael,Assuncao,26.0,5.0,0.0,Bantamweight,False,Active
Alexis,Davis,19.0,7.0,0.0,Women_Flyweight,False,Active
Daniel,Teymur,6.0,2.0,0.0,Lightweight,False,Active
Jenel,Lausa,7.0,4.0,0.0,Flyweight,False,Active
Jamie,Pickett,7.0,2.0,0.0,Middleweight,False,Active
Anthony,Pettis,20.0,7.0,0.0,Lightweight,False,Active
Colby,Covington,14.0,1.0,0.0,Welterweight,False,Active
Roberto,Sanchez,8.0,1.0,0.0,Flyweight,False,Active
Henry,Cejudo,12.0,2.0,0.0,Flyweight,False,Active
Joseph,Morales,9.0,1.0,0.0,Flyweight,False,Active
Joanna,Jedrzejczyk,14.0,2.0,0.0,Women_Strawweight,False,Active
Alvaro,Herrera,9.0,5.0,0.0,Welterweight,False,Active
Gokhan,Saki,1.0,1.0,0.0,Light_Heavyweight,False,Active
Peter,Sobotta,17.0,5.0,1.0,Welterweight,False,Active
Syuri,Kondo,6.0,1.0,0.0,Women_Strawweight,False,Active
Matt,Wiman,16.0,7.0,0.0,Lightweight,False,Active
Todd,Duffee,9.0,3.0,0.0,Heavyweight,False,Active
Sean,O'Malley,10.0,0.0,0.0,Bantamweight,False,Active
Sean,Sherk,38.0,4.0,1.0,Lightweight,False,NotFighting
Anderson,Silva,34.0,8.0,0.0,Middleweight,False,Active
Yoshihiro,Akiyama,14.0,6.0,0.0,Welterweight,False,Active
Paulo,Costa,11.0,0.0,0.0,Middleweight,False,Active
Eryk,Anders,10.0,1.0,0.0,Middleweight,False,Active
Ross,Pearson,22.0,14.0,0.0,Lightweight,False,Active
Antonio,Carlos Junior,11.0,2.0,0.0,Middleweight,False,Active
Kyle,Stewart,8.0,0.0,0.0,Welterweight,False,Active
Louis,Smolka,11.0,5.0,0.0,Flyweight,False,Active
Calvin,Kattar,18.0,3.0,0.0,Featherweight,False,Active
Ricardo,Abreu,5.0,1.0,0.0,Middleweight,False,NotFighting
Enrique,Barzola,16.0,3.0,1.0,Featherweight,False,Active
Humberto,Bandenay,14.0,5.0,0.0,Featherweight,False,Active
Chuck,Liddell,21.0,8.0,0.0,Light_Heavyweight,False,NotFighting
Brandon,Moreno,14.0,5.0,0.0,Flyweight,False,Active
Abu,Azaitar,13.0,1.0,1.0,Middleweight,False,Active
Magomed,Ankalaev,9.0,0.0,0.0,Light_Heavyweight,False,Active
Michael,Bisping,31.0,9.0,0.0,Middleweight,False,Active
Marco Polo,Reyes,7.0,5.0,0.0,Lightweight,False,Active
Arjan,Singh Bhullar,7.0,1.0,0.0,Heavyweight,False,Active
Marcin,Prachnio,13.0,3.0,0.0,Light_Heavyweight,False,Active
Rafael,Fiziev,5.0,0.0,0.0,Lightweight,False,Active
Geoff,Neal,9.0,2.0,0.0,Welterweight,False,Active
Joey,Gomez,7.0,0.0,0.0,Lightweight,False,Active
Ed,Herman,24.0,13.0,0.0,Light_Heavyweight,False,Active
Germaine,de Randamie,7.0,3.0,0.0,Women_Bantamweight,False,Active
Daichi,Abe,6.0,1.0,0.0,Welterweight,False,Active
Zak,Ottow,16.0,5.0,0.0,Welterweight,False,Active
Zabit,Magomedsharipov,15.0,1.0,0.0,Featherweight,False,Active
Alton,Cunningham,3.0,0.0,0.0,Middleweight,False,Active
BJ,Penn,16.0,12.0,2.0,Featherweight,False,Active
Keith,Berish,5.0,1.0,0.0,Middleweight,False,Active
Everett,Sims,4.0,1.0,0.0,Heavyweight,False,Active
Toby,Misech,9.0,4.0,0.0,Bantamweight,False,Active
Gunnar,Nelson,16.0,3.0,1.0,Welterweight,False,Active
Dong Hyun,Kim,16.0,8.0,3.0,Lightweight,False,Active
Mark,Godbeer,13.0,3.0,0.0,Heavyweight,False,Active
Shelton ,Graves,7.0,3.0,0.0,Heavyweight,False,Active
Rick,Palacios,9.0,1.0,0.0,Bantamweight,False,Active
Matt,Serra,17.0,7.0,0.0,Welterweight,False,NotFighting
Jimi,Manuwa,17.0,3.0,0.0,Light_Heavyweight,False,Active
Diego,Ferreira,13.0,2.0,0.0,Lightweight,False,Active
Alexander,Volkov,29.0,6.0,0.0,Heavyweight,False,Active
Ricky,Simon,10.0,1.0,0.0,Bantamweight,False,Active
Riley,Dutro,11.0,3.0,0.0,Flyweight,False,Active
Jan,Blachowicz,21.0,7.0,0.0,Light_Heavyweight,False,Active
Alexander,Volkanovski,17.0,1.0,0.0,Featherweight,False,Active
Donavon,Frelow,6.0,3.0,0.0,Bantamweight,False,Active
Jalin,Turner,6.0,3.0,0.0,Lightweight,False,Active
Alex,Perez,20.0,4.0,0.0,Flyweight,False,Active
Max,Mustaki,6.0,2.0,0.0,Lightweight,False,Active
John,Moraga,19.0,6.0,0.0,Flyweight,False,Active
Jerrod,Sanders,15.0,3.0,0.0,Bantamweight,False,NotFighting
Kevin ,Gray ,9.0,4.0,0.0,Flyweight,False,Active
Sergio,Moraes,13.0,4.0,1.0,Welterweight,False,Active
Claudia,Gadelha,16.0,3.0,0.0,Women_Strawweight,False,Active
Peter,Petties ,5.0,3.0,0.0,Featherweight,False,Active
Cezar,Ferreira,14.0,6.0,0.0,Middleweight,False,Active
Poliana,Botelho,7.0,1.0,0.0,Women_Strawweight,False,Active
Julio,Arce ,15.0,2.0,0.0,Featherweight,False,Active
Priscila,Cachoeira,8.0,1.0,0.0,Women_Flyweight,False,Active
Tim,Boetsch,21.0,12.0,0.0,Middleweight,False,Active
Jack,Marshman,22.0,7.0,0.0,Welterweight,False,Active
Polyana,Viana,10.0,1.0,0.0,Women_Strawweight,False,Active
Luis,Pena,4.0,0.0,0.0,Lightweight,False,Active
Anthony,Perosh,15.0,10.0,0.0,Light_Heavyweight,False,NotFighting
Beneil,Dariush,14.0,4.0,1.0,Lightweight,False,Active
Jamelle,Jones,7.0,5.0,0.0,Light_Heavyweight,False,Active
Maia,Stevenson,6.0,5.0,0.0,Women_Strawweight,False,Active
Richie,Smullen,3.0,0.0,1.0,Lightweight,False,Active
Francisco,Trinaldo,22.0,6.0,0.0,Lightweight,False,Active
Jason,Knight,20.0,5.0,0.0,Featherweight,False,Active
Tiffany,Masters,2.0,1.0,0.0,Women_Strawweight,False,Active
Elias,Garcia,3.0,0.0,0.0,Flyweight,False,Active
Abdul-Kerim,Edilov,16.0,4.0,0.0,Light_Heavyweight,False,Active
Charlie,Ward,3.0,3.0,0.0,Welterweight,False,Active
Jamie,Colleen,4.0,1.0,0.0,Women_Strawweight,False,Active
Mark,De La Rosa,9.0,1.0,0.0,Bantamweight,False,Active
.,To Be Announced,,,,,False,Active
Ryan,Hall,6.0,1.0,0.0,Featherweight,False,Active
Martin,Day,5.0,2.0,0.0,Flyweight,False,Active
Rony,Jason,15.0,7.0,0.0,Featherweight,False,Active
Anthony,Hamilton,15.0,9.0,0.0,Heavyweight,False,Active
Tom,Breese,11.0,1.0,0.0,Middleweight,False,Active
Paul,Craig,9.0,2.0,0.0,Light_Heavyweight,False,Active
Jaime,Alvarez,7.0,1.0,0.0,Flyweight,False,Active
Godofredo,Pepey,14.0,6.0,0.0,Featherweight,False,Active
Adriano,Martins,28.0,9.0,0.0,Lightweight,False,Active
...,To be announced,,,,,False,Active
Julian,Erosa,22.0,6.0,0.0,Featherweight,False,Active
Gadzhimurad,Antigulov,20.0,4.0,0.0,Light_Heavyweight,False,Active
Cameron,Olson,8.0,3.0,0.0,Light_Heavyweight,False,Active
Antoni,Hardonk,8.0,6.0,0.0,Heavyweight,False,NotFighting
Kyung Ho,Kang,13.0,7.0,0.0,Bantamweight,False,Active
Mickael,Lebout,14.0,5.0,1.0,Lightweight,False,Active
Chris,Gruetzemacher,14.0,3.0,0.0,Lightweight,False,Active
Darren,Stewart,8.0,3.0,0.0,Middleweight,False,Active
Karl,Reed,2.0,1.0,0.0,Light_Heavyweight,False,Active
Jaimee,Nievera,7.0,4.0,0.0,Women_Flyweight,False,Active
Gleison,Tibau,40.0,14.0,0.0,Lightweight,False,Active
Jussier,Formiga,21.0,5.0,0.0,Flyweight,False,Active
Stevie,Ray,21.0,7.0,0.0,Lightweight,False,Active
Artem,Lobov,14.0,14.0,1.0,Featherweight,False,Active
Viviane,Pereira,13.0,1.0,0.0,Women_Strawweight,False,Active
Grant,Dawson,12.0,1.0,0.0,Featherweight,False,Active
Jordan,Williams,8.0,2.0,0.0,Middleweight,False,Active
Abel,Trujillo,15.0,8.0,0.0,Lightweight,False,Active
Ben,Nguyen,17.0,7.0,0.0,Flyweight,False,Active
Claudio,Puelles,9.0,2.0,0.0,Lightweight,False,Active
Adrian,Diaz,11.0,5.0,1.0,Featherweight,False,Active
Israel,Adesanya,13.0,0.0,0.0,Middleweight,False,Active
Josh,Parisian,7.0,2.0,0.0,Heavyweight,False,Active
Patrick,Williams,8.0,7.0,0.0,Bantamweight,False,Active
Damian,Stasiak,10.0,5.0,0.0,Bantamweight,False,Active
Valentina,Shevchenko,15.0,3.0,0.0,Women_Flyweight,False,Active
Martin,Bravo,12.0,1.0,0.0,Featherweight,False,Active
Nick,Urso,10.0,4.0,0.0,Flyweight,False,Active
Maycee,Barber,4.0,0.0,0.0,Women_Strawweight,False,Active
Alex,White,12.0,3.0,0.0,Lightweight,False,Active
Damian,Grabowski,20.0,5.0,0.0,Heavyweight,False,Active
Jordan,Espinosa,11.0,5.0,0.0,Flyweight,False,Active
Yushin,Okami,34.0,12.0,0.0,Welterweight,False,Active
Hyun Gyu,Lim,13.0,7.0,1.0,Welterweight,False,Active
Mark,Cherico,11.0,2.0,0.0,Featherweight,False,Active
Vince,Morales,7.0,1.0,0.0,Bantamweight,False,Active
Mike,Santiago,21.0,12.0,0.0,Featherweight,False,Active
Domingo,Pilarte,7.0,1.0,0.0,Bantamweight,False,Active
Bobby,Green,24.0,8.0,1.0,Lightweight,False,Active
Brett,Johns,15.0,0.0,0.0,Bantamweight,False,Active
JP,Buys,4.0,2.0,0.0,Flyweight,False,Active
Maki,Pitolo,9.0,4.0,0.0,Middleweight,False,Active
Jeremy,Stephens,28.0,14.0,0.0,Featherweight,False,Active
Martin,Kampmann,20.0,7.0,0.0,Welterweight,False,NotFighting
Corey,Anderson,10.0,4.0,0.0,Light_Heavyweight,False,Active
Kwan Ho,Kwak,9.0,2.0,0.0,Bantamweight,False,Active
Steven,Peterson,16.0,7.0,0.0,Featherweight,False,Active
Chibwikem,Onyenegecha,6.0,0.0,0.0,Middleweight,False,Active
Keita,Nakamura,33.0,8.0,2.0,Welterweight,False,Active
Juliana,Lima,9.0,5.0,0.0,Women_Strawweight,False,Active
Elizeu,Zaleski dos Santos,19.0,5.0,0.0,Welterweight,False,Active
Benito,Lopez,9.0,0.0,0.0,Bantamweight,False,Active
Austin,Vanderford,3.0,0.0,0.0,Welterweight,False,Active
Lauren,Murphy,10.0,4.0,0.0,Women_Flyweight,False,Active
Kennedy,Nzechukwu,3.0,0.0,0.0,Light_Heavyweight,False,Active
Angelo,Trevino,7.0,2.0,0.0,Welterweight,False,Active
Jamie,Varner,21.0,11.0,1.0,Lightweight,False,NotFighting
Brian,Ortega,14.0,0.0,0.0,Featherweight,False,Active
Janay,Harding,3.0,2.0,0.0,Women_Bantamweight,False,Active
Edmen,Shahbazyan,6.0,0.0,0.0,Middleweight,False,Active
Alan,Belcher,17.0,7.0,0.0,Middleweight,False,NotFighting
Julie,Kedzie,16.0,13.0,0.0,Women_Bantamweight,False,NotFighting
Magomed,Mustafaev,13.0,2.0,0.0,Lightweight,False,Active
Kelly,Velasco,2.0,2.0,0.0,Women_Bantamweight,False,Active
Antonio,Jones,6.0,0.0,0.0,Middleweight,False,Active
Adam,Antolin,13.0,3.0,0.0,Flyweight,False,Active
Livinha,Souza,11.0,1.0,0.0,Women_Strawweight,False,Active
Joe,Lauzon,27.0,16.0,0.0,Lightweight,False,Active
Tommy,Wauchope,5.0,1.0,0.0,,False,NotFighting
Don'Tale,Mayes,3.0,2.0,0.0,Heavyweight,False,Active
Mackenzie,Dern,7.0,0.0,0.0,Women_Strawweight,False,Active
Kevin,Aguilar,14.0,1.0,0.0,Lightweight,False,Active
Erik,Koch,15.0,6.0,0.0,Lightweight,False,Active
Ryan,LaFlare,13.0,2.0,0.0,Welterweight,False,Active
Dhiego,Lima,14.0,7.0,0.0,Welterweight,False,Active
David,Teymur,8.0,1.0,0.0,Lightweight,False,Active
Allen,Crowder,9.0,3.0,0.0,Heavyweight,False,Active
Jim,Crute,7.0,0.0,0.0,Light_Heavyweight,False,Active
Alexander,Yakovlev,23.0,8.0,1.0,Welterweight,False,Active
Bevon,Lewis,5.0,0.0,0.0,Middleweight,False,Active
Chris,Birchler,7.0,3.0,0.0,Light_Heavyweight,False,Active
Joe,Ellenberger,15.0,2.0,0.0,Lightweight,False,Active
Michael,Graves,6.0,0.0,1.0,Welterweight,False,NotFighting
Jarjis,Danho,6.0,1.0,1.0,Heavyweight,False,Active
Matt,Frevola,6.0,0.0,0.0,Lightweight,False,Active
Yana,Kunitskaya,10.0,4.0,0.0,Women_Featherweight,False,Active
Mike,Davis,5.0,0.0,0.0,Featherweight,False,Active
Uriah,Hall,14.0,8.0,0.0,Middleweight,False,Active
Nathan,Coy,15.0,7.0,0.0,Welterweight,False,Active
Alex,Morono,14.0,4.0,0.0,Welterweight,False,Active
Luke,Flores,7.0,1.0,0.0,Lightweight,False,Active
Sodiq,Yusuff,6.0,1.0,0.0,Featherweight,False,Active
Rani,Yahya,25.0,9.0,0.0,Bantamweight,False,Active
Kelvin,Gastelum,16.0,3.0,0.0,Middleweight,False,Active
Anton,Berzin,5.0,2.0,0.0,Light_Heavyweight,False,Active
Sabah,Homasi,11.0,8.0,0.0,Welterweight,False,Active
Ramazan,Emeev,17.0,3.0,0.0,Middleweight,False,Active
Jeff,Hughes,9.0,1.0,0.0,Heavyweight,False,Active
Igor,Pokrajac,25.0,13.0,0.0,Light_Heavyweight,False,Active
Rafael,Natal,21.0,9.0,1.0,Middleweight,False,Active
Frankie,Saenz,13.0,5.0,0.0,Bantamweight,False,Active
Oskar,Piechota,11.0,0.0,1.0,Middleweight,False,Active
Josh,Appelt,15.0,6.0,0.0,Heavyweight,False,Active
Trevor,Smith,15.0,8.0,0.0,Middleweight,False,Active
Devin,Powell,8.0,3.0,0.0,Lightweight,False,Active
Randall,Wallace,15.0,7.0,0.0,Middleweight,False,Active
Chase,Hooper,4.0,0.0,0.0,Featherweight,False,Active
Jake,Ellenberger,31.0,14.0,0.0,Welterweight,False,Active
Josh,Samman,12.0,5.0,0.0,Middleweight,False,NotFighting
Paige,VanZant,7.0,4.0,0.0,Women_Flyweight,False,Active
Tyson,Pedro,7.0,1.0,0.0,Light_Heavyweight,False,Active
Mads,Burnell,9.0,3.0,0.0,Featherweight,False,Active
Canaan,Kawaihae,4.0,0.0,0.0,Featherweight,False,Active
Thales,Leites,27.0,9.0,0.0,Middleweight,False,Active
Yancy,Medeiros,15.0,5.0,0.0,Welterweight,False,Active
Li,Jingliang,14.0,5.0,0.0,Welterweight,False,Active
Leslie,Smith,10.0,7.0,1.0,Women_Bantamweight,False,Active
Alan,Jouban,16.0,6.0,0.0,Welterweight,False,Active
Vicente,Luque,13.0,6.0,1.0,Welterweight,False,Active
Luke,Sanders,13.0,2.0,0.0,Bantamweight,False,Active
Brian,Camozzi,7.0,5.0,0.0,Welterweight,False,Active
Nick,Newell,14.0,1.0,0.0,Lightweight,False,Active
Nik,Lentz,30.0,9.0,2.0,Lightweight,False,Active
Alex,Nicholson,7.0,4.0,0.0,Middleweight,False,Active
Alex,Munoz,4.0,0.0,0.0,Lightweight,False,Active
Ben,Rothwell,36.0,10.0,0.0,Heavyweight,False,Active
Jordan,Mein,30.0,12.0,0.0,Welterweight,False,Active
.,To Be Determined,,,,Welterweight,False,Active
George,Sullivan,17.0,6.0,0.0,Welterweight,False,Active
Randy,Brown,10.0,2.0,0.0,Welterweight,False,Active
Irene,Aldana,8.0,4.0,0.0,Women_Bantamweight,False,Active
Allan,Zuniga,13.0,1.0,0.0,Lightweight,False,Active
Brian,Melancon,7.0,3.0,0.0,Welterweight,False,NotFighting
Tim,Williams,15.0,4.0,0.0,Middleweight,False,Active
Kamaru,Usman,13.0,1.0,0.0,Welterweight,False,Active
Abdul Razak,Alhassan,9.0,1.0,0.0,Welterweight,False,Active
John,Gunther,6.0,1.0,0.0,Lightweight,False,Active
Clay,Guida,34.0,15.0,0.0,Lightweight,False,Active
Jason,Jackson,7.0,3.0,0.0,Welterweight,False,Active
Minotauro,Nogueira,34.0,10.0,1.0,Heavyweight,False,NotFighting
Zak,Cummings,21.0,6.0,0.0,Welterweight,False,Active
Mark,Bocek,12.0,5.0,0.0,Lightweight,False,NotFighting
Anthony,Johnson,22.0,6.0,0.0,Light_Heavyweight,False,NotFighting
Yoel,Romero,13.0,3.0,0.0,Middleweight,False,Active
Cat,Zingano,9.0,3.0,0.0,Women_Bantamweight,False,Active
Gerald,Meerschaert,27.0,9.0,0.0,Middleweight,False,Active
Sara,McMann,11.0,5.0,0.0,Women_Bantamweight,False,Active
Roy,Nelson,23.0,14.0,0.0,Heavyweight,False,Active
Jon,Tuck,10.0,4.0,0.0,Lightweight,False,Active
Lauren,Mueller,6.0,0.0,0.0,Women_Flyweight,False,Active
Manny,Gamburyan,18.0,11.0,0.0,Bantamweight,False,NotFighting
Ovince,Saint Preux,22.0,11.0,0.0,Light_Heavyweight,False,Active
Chael,Sonnen,29.0,14.0,1.0,Light_Heavyweight,False,NotFighting
Brendan,Schaub,11.0,5.0,0.0,Heavyweight,False,NotFighting
Joe,Soto,18.0,7.0,0.0,Bantamweight,False,Active
Nate,Diaz,20.0,11.0,0.0,Welterweight,False,Active
Michelle,Waterson,15.0,6.0,0.0,Women_Strawweight,False,Active
Curtis,Millender,15.0,3.0,0.0,Welterweight,False,Active
Tarec,Saffiedine,16.0,7.0,0.0,Welterweight,False,Active
Matt,Schnell,11.0,4.0,0.0,Flyweight,False,Active
Augusto,Mendes,6.0,2.0,0.0,Bantamweight,False,Active
Shane,Burgos,10.0,1.0,0.0,Featherweight,False,Active
Carlos,Felipe,8.0,0.0,0.0,Heavyweight,False,Active
Ray,Borg,11.0,3.0,0.0,Flyweight,False,Active
Talita,Bernardo,5.0,2.0,0.0,Women_Bantamweight,False,Active
Spencer,Fisher,25.0,9.0,0.0,Lightweight,False,NotFighting
Shinsho,Anzai,10.0,2.0,0.0,Welterweight,False,Active
Darren,Till,17.0,0.0,1.0,Welterweight,False,Active
Cory,Sandhagen,8.0,1.0,0.0,Featherweight,False,Active
Thiago,Alves,27.0,12.0,0.0,Welterweight,False,Active
Gray,Maynard,14.0,7.0,1.0,Featherweight,False,Active
Alexander,Gustafsson,18.0,4.0,0.0,Light_Heavyweight,False,Active
Johnny,Eduardo,28.0,12.0,0.0,Bantamweight,False,Active
Anthony,Smith,29.0,13.0,0.0,Light_Heavyweight,False,Active
Rustam,Khabilov,21.0,3.0,0.0,Lightweight,False,Active
Jake,Collier,11.0,4.0,0.0,Light_Heavyweight,False,Active
Kyle,Bochniak,8.0,3.0,0.0,Featherweight,False,Active
Saparbek,Safarov,8.0,2.0,0.0,Light_Heavyweight,False,Active
Rob,Wilkinson,11.0,2.0,0.0,Middleweight,False,Active
Felipe,Arantes,18.0,9.0,1.0,Bantamweight,False,Active
Mike,Jackson,1.0,1.0,0.0,Welterweight,False,Active
Mickey,Gall,4.0,1.0,0.0,Welterweight,False,Active
Hakeem,Dawodu,7.0,0.0,1.0,Featherweight,False,Active
Niko,Price,11.0,1.0,0.0,Welterweight,False,Active
Bojan,Mihajlovic,10.0,5.0,0.0,Heavyweight,False,Active
Mirko,Cro Cop,31.0,11.0,2.0,Heavyweight,False,NotFighting
Gian,Villante,16.0,10.0,0.0,Light_Heavyweight,False,Active
Mauricio,Rua,24.0,10.0,0.0,Light_Heavyweight,False,Active
Jimy,Hettes,11.0,3.0,0.0,Featherweight,False,Active
Damir,Hadzovic,11.0,4.0,0.0,Lightweight,False,Active
Bojan,Velickovic,15.0,6.0,1.0,Welterweight,False,Active
Scott,Holtzman,11.0,2.0,0.0,Lightweight,False,Active
Marcin,Tybura,16.0,4.0,0.0,Heavyweight,False,Active
Aiemann,Zahabi,7.0,1.0,0.0,Bantamweight,False,Active
Manny,Bermudez,12.0,0.0,0.0,Bantamweight,False,Active
Frankie,Edgar,21.0,6.0,1.0,Featherweight,False,Active
Bradley,Scott,12.0,6.0,0.0,Welterweight,False,Active
Alessio,Di Chirico,11.0,2.0,0.0,Middleweight,False,Active
Antonio Rogerio,Nogueira,22.0,7.0,0.0,Light_Heavyweight,False,Active
Tim,Elliott,16.0,8.0,1.0,Flyweight,False,Active
Thiago,Santos,17.0,5.0,0.0,Middleweight,False,Active
John,Phillips,21.0,6.0,0.0,Middleweight,False,Active
Fabricio,Werdum,23.0,7.0,1.0,Heavyweight,False,Active
Brad,Pickett,26.0,14.0,0.0,Bantamweight,False,NotFighting
Donald,Cerrone,33.0,10.0,0.0,Welterweight,False,Active
Aljamain,Sterling,14.0,3.0,0.0,Bantamweight,False,Active
Drakkar,Klose,8.0,1.0,1.0,Lightweight,False,Active
Thibault,Gouti,12.0,4.0,0.0,Lightweight,False,Active
Hector,Lombard,34.0,9.0,1.0,Middleweight,False,Active
Demian,Maia,25.0,9.0,0.0,Welterweight,False,Active
Ricardo,Ramos,11.0,1.0,0.0,Bantamweight,False,Active
Shane,Carwin,12.0,2.0,0.0,Heavyweight,False,NotFighting
Costas,Philippou,13.0,5.0,0.0,Middleweight,False,NotFighting
Sultan,Aliev,14.0,3.0,0.0,Welterweight,False,Active
Jordan,Johnson,9.0,0.0,0.0,Light_Heavyweight,False,Active
Brock,Lesnar,6.0,3.0,0.0,Heavyweight,False,NotFighting
Ashlee,Evans-Smith,6.0,3.0,0.0,Women_Flyweight,False,Active
Eric,Shelton,11.0,5.0,0.0,Flyweight,False,Active
Alexander,Hernandez,9.0,1.0,0.0,Lightweight,False,Active
Jonathan,Wilson,7.0,3.0,0.0,Middleweight,False,Active
Cyril,Asker,9.0,4.0,0.0,Heavyweight,False,Active
Alexandre,Pantoja,19.0,3.0,0.0,Flyweight,False,Active
Andrea,Lee,9.0,2.0,0.0,Women_Flyweight,False,Active
Mike,Pyle,27.0,14.0,1.0,Welterweight,False,Active
Takanori,Gomi,35.0,14.0,0.0,Lightweight,False,Active
James,Te Huna,18.0,9.0,0.0,Middleweight,False,NotFighting
Johny,Hendricks,18.0,8.0,0.0,Middleweight,False,Active
Santiago,Ponzinibbio,27.0,3.0,0.0,Welterweight,False,Active
Damien,Brown,17.0,12.0,0.0,Lightweight,False,Active
Chad,Mendes,17.0,4.0,0.0,Featherweight,False,Active
Leonardo,Santos,16.0,4.0,1.0,Lightweight,False,Active
Adam,Milstead,8.0,2.0,0.0,Light_Heavyweight,False,Active
Antonio Braga,Neto,9.0,3.0,0.0,Middleweight,False,Active
Eddie,Alvarez,29.0,5.0,0.0,Lightweight,False,Active
Curtis,Blaydes,10.0,1.0,0.0,Heavyweight,False,Active
Iuri,Alcantara,35.0,9.0,0.0,Bantamweight,False,Active
Alejandro,Perez,21.0,6.0,1.0,Bantamweight,False,Active
Dmitry,Sosnovskiy,10.0,0.0,0.0,Lightweight,False,Active
...,To be determined,,,,,False,Active
Henrique,da Silva,12.0,4.0,0.0,Light_Heavyweight,False,Active
Alex,Reyes,13.0,3.0,,Welterweight,False,Active
Henry,Briones,19.0,8.0,1.0,Bantamweight,False,Active
Anna,Elmose,3.0,2.0,0.0,Women_Strawweight,False,NotFighting
Tony,Ferguson,25.0,3.0,0.0,Lightweight,False,Active
Marco,Beltran,8.0,7.0,0.0,Flyweight,False,Active
Cody,Garbrandt,11.0,1.0,0.0,Bantamweight,False,Active
Ion,Cutelaba,13.0,3.0,0.0,Light_Heavyweight,False,Active
Darren,Elkins,24.0,5.0,0.0,Featherweight,False,Active
Alberto,Uda,9.0,2.0,0.0,Middleweight,False,Active
Jose,Quinonez,8.0,2.0,0.0,Bantamweight,False,Active
Nad,Narimani,10.0,2.0,0.0,Lightweight,False,Active
Chan Sung,Jung,14.0,4.0,0.0,Featherweight,False,Active
Gabriel,Benitez,21.0,7.0,0.0,Featherweight,False,Active
Yves,Edwards,42.0,22.0,1.0,Lightweight,False,NotFighting
Jessica,Eye,12.0,6.0,0.0,Women_Flyweight,False,Active
Yair,Rodriguez,11.0,2.0,0.0,Featherweight,False,Active
Dmitrii,Smoliakov,8.0,2.0,0.0,Heavyweight,False,Active
Cyrille,Diabate,20.0,10.0,3.0,Light_Heavyweight,False,NotFighting
Neil,Magny,21.0,7.0,0.0,Welterweight,False,Active
Ben,Saunders,22.0,9.0,2.0,Welterweight,False,Active
Claude,Patrick,14.0,2.0,0.0,Welterweight,False,NotFighting
Marion,Reneau,9.0,3.0,1.0,Women_Bantamweight,False,Active
Justin,Scoggins,11.0,4.0,0.0,Bantamweight,False,Active
Marcel,Fortuna,9.0,3.0,0.0,Light_Heavyweight,False,Active
Frank,Mir,18.0,11.0,0.0,Heavyweight,False,Active
Travis,Browne,18.0,7.0,1.0,Heavyweight,False,Active
Erick,Silva,19.0,9.0,0.0,Welterweight,False,Active
Dustin,Ortiz,18.0,7.0,0.0,Flyweight,False,Active
Gavin,Tucker,10.0,1.0,0.0,Featherweight,False,Active
Marlon,Vera,10.0,5.0,1.0,Bantamweight,False,Active
Makwan,Amirkhani,14.0,3.0,0.0,Featherweight,False,Active
Renan,Barao,36.0,6.0,0.0,Bantamweight,False,Active
Douglas,Silva de Andrade,25.0,2.0,0.0,Bantamweight,False,Active
Guido,Cannetti,8.0,3.0,0.0,Bantamweight,False,Active
Darrell,Horcher,13.0,3.0,0.0,Lightweight,False,Active
Charles,Oliveira,23.0,8.0,0.0,Lightweight,False,Active
Drew,Dober,19.0,8.0,0.0,Welterweight,False,Active
Jeremy,Kimball,15.0,7.0,0.0,Light_Heavyweight,False,Active
Jodie,Esquibel,6.0,3.0,0.0,Women_Strawweight,False,Active
Wu,Yanan,9.0,2.0,0.0,Women_Bantamweight,False,Active
Davey,Grant,10.0,3.0,0.0,Bantamweight,False,Active
Tatiana,Suarez,7.0,0.0,0.0,Women_Strawweight,False,Active
Volkan,Oezdemir,15.0,2.0,0.0,Light_Heavyweight,False,Active
Yan,Xiaonan ,8.0,1.0,0.0,Women_Strawweight,False,Active
Diego,Rivas,7.0,2.0,0.0,Bantamweight,False,Active
Amanda,Cooper,4.0,4.0,0.0,Women_Strawweight,False,Active
Andrew,Sanchez,10.0,4.0,0.0,Middleweight,False,Active
Jarred,Brooks,13.0,2.0,0.0,Flyweight,False,Active
Aaron,Riley,29.0,14.0,1.0,Lightweight,False,NotFighting
David,Branch,21.0,4.0,0.0,Middleweight,False,Active
Alberto,Mina,13.0,1.0,0.0,Welterweight,False,Active
Eric,Spicely,10.0,5.0,0.0,Middleweight,False,Active
Robbie,Lawler,28.0,12.0,0.0,Welterweight,False,Active
Chris ,Holdsworth,7.0,0.0,0.0,Bantamweight,False,Active
Michel,Quinones,8.0,3.0,0.0,Lightweight,False,Active
